node_id,region,cpu_cores,mem_gb,disk_gb,gpu_model,gpu_mem_gb,cost_per_hour,network_bandwidth_mbps
node_train_0000,beijing,64,1024,4000,NVIDIA RTX 4090-24GB,24,1.2,5000
node_train_0001,beijing,64,1024,2000,NVIDIA A100-SXM4-80GB,80,3.5,20000
node_train_0002,guangzhou,256,256,8000,NVIDIA RTX 4090-24GB,24,1.2,5000
node_train_0003,beijing,64,256,2000,NVIDIA L40S-48GB,48,2.0,10000
node_train_0004,guangzhou,256,256,8000,NVIDIA A100-SXM4-80GB,80,3.5,20000
node_train_0005,guangzhou,256,1024,8000,NVIDIA A100-SXM4-80GB,80,3.5,20000
node_train_0006,beijing,128,1024,4000,NVIDIA L40S-48GB,48,2.0,10000
node_train_0007,beijing,256,512,4000,NVIDIA A100-SXM4-80GB,80,3.5,20000
node_train_0008,beijing,64,512,2000,NVIDIA L40S-48GB,48,2.0,10000
node_train_0009,shanghai,64,512,4000,NVIDIA A100-SXM4-80GB,80,3.5,20000
node_train_0010,shanghai,64,1024,4000,NVIDIA RTX 4090-24GB,24,1.2,5000
node_train_0011,beijing,128,256,8000,NVIDIA RTX 4090-24GB,24,1.2,5000
node_train_0012,guangzhou,256,512,8000,NVIDIA L40S-48GB,48,2.0,10000
node_train_0013,guangzhou,64,256,8000,NVIDIA A100-SXM4-80GB,80,3.5,20000
node_train_0014,shanghai,64,256,2000,NVIDIA A100-SXM4-80GB,80,3.5,20000
node_train_0015,shanghai,128,1024,4000,NVIDIA L40S-48GB,48,2.0,10000
node_train_0016,shanghai,128,256,8000,NVIDIA A100-SXM4-80GB,80,3.5,20000
node_train_0017,guangzhou,256,1024,2000,NVIDIA L40S-48GB,48,2.0,10000
node_train_0018,guangzhou,64,1024,8000,NVIDIA RTX 4090-24GB,24,1.2,5000
node_train_0019,beijing,128,512,4000,NVIDIA A100-SXM4-80GB,80,3.5,20000
node_train_0020,guangzhou,256,256,8000,NVIDIA RTX 4090-24GB,24,1.2,5000
node_train_0021,beijing,64,256,4000,NVIDIA L40S-48GB,48,2.0,10000
node_train_0022,shanghai,64,256,8000,NVIDIA L40S-48GB,48,2.0,10000
node_train_0023,shanghai,64,1024,4000,NVIDIA RTX 4090-24GB,24,1.2,5000
node_train_0024,guangzhou,128,256,4000,NVIDIA L40S-48GB,48,2.0,10000
node_train_0025,beijing,256,1024,8000,NVIDIA A100-SXM4-80GB,80,3.5,20000
node_train_0026,guangzhou,256,512,8000,NVIDIA L40S-48GB,48,2.0,10000
node_train_0027,shanghai,64,256,8000,NVIDIA L40S-48GB,48,2.0,10000
node_train_0028,beijing,64,256,2000,NVIDIA L40S-48GB,48,2.0,10000
node_train_0029,beijing,256,512,8000,NVIDIA RTX 4090-24GB,24,1.2,5000
node_train_0030,shanghai,128,1024,4000,NVIDIA A100-SXM4-80GB,80,3.5,20000
node_train_0031,shanghai,256,256,8000,NVIDIA RTX 4090-24GB,24,1.2,5000
node_train_0032,beijing,256,1024,4000,NVIDIA RTX 4090-24GB,24,1.2,5000
node_train_0033,shanghai,64,512,4000,NVIDIA RTX 4090-24GB,24,1.2,5000
node_train_0034,shanghai,64,1024,8000,NVIDIA A100-SXM4-80GB,80,3.5,20000
node_train_0035,guangzhou,64,1024,2000,NVIDIA L40S-48GB,48,2.0,10000
node_train_0036,shanghai,256,1024,8000,NVIDIA RTX 4090-24GB,24,1.2,5000
node_train_0037,beijing,128,256,8000,NVIDIA A100-SXM4-80GB,80,3.5,20000
node_train_0038,beijing,256,512,4000,NVIDIA RTX 4090-24GB,24,1.2,5000
node_train_0039,beijing,128,512,2000,NVIDIA A100-SXM4-80GB,80,3.5,20000
node_train_0040,beijing,256,256,2000,NVIDIA A100-SXM4-80GB,80,3.5,20000
node_train_0041,shanghai,64,1024,2000,NVIDIA RTX 4090-24GB,24,1.2,5000
node_train_0042,guangzhou,128,1024,2000,NVIDIA A100-SXM4-80GB,80,3.5,20000
node_train_0043,guangzhou,256,512,2000,NVIDIA L40S-48GB,48,2.0,10000
node_train_0044,guangzhou,256,256,8000,NVIDIA RTX 4090-24GB,24,1.2,5000
node_train_0045,shanghai,256,1024,4000,NVIDIA L40S-48GB,48,2.0,10000
node_train_0046,guangzhou,128,256,2000,NVIDIA L40S-48GB,48,2.0,10000
node_train_0047,beijing,128,256,8000,NVIDIA A100-SXM4-80GB,80,3.5,20000
node_train_0048,beijing,256,256,2000,NVIDIA RTX 4090-24GB,24,1.2,5000
node_train_0049,guangzhou,256,256,2000,NVIDIA A100-SXM4-80GB,80,3.5,20000
node_train_0050,beijing,128,256,8000,NVIDIA A100-SXM4-80GB,80,3.5,20000
node_train_0051,shanghai,256,512,2000,NVIDIA A100-SXM4-80GB,80,3.5,20000
node_train_0052,beijing,256,1024,8000,NVIDIA RTX 4090-24GB,24,1.2,5000
node_train_0053,beijing,128,512,2000,NVIDIA L40S-48GB,48,2.0,10000
node_train_0054,beijing,256,512,4000,NVIDIA A100-SXM4-80GB,80,3.5,20000
node_train_0055,shanghai,128,1024,2000,NVIDIA L40S-48GB,48,2.0,10000
node_train_0056,guangzhou,256,256,2000,NVIDIA RTX 4090-24GB,24,1.2,5000
node_train_0057,guangzhou,128,256,2000,NVIDIA L40S-48GB,48,2.0,10000
node_train_0058,beijing,256,512,2000,NVIDIA A100-SXM4-80GB,80,3.5,20000
node_train_0059,beijing,128,512,2000,NVIDIA L40S-48GB,48,2.0,10000
node_train_0060,shanghai,256,256,2000,NVIDIA A100-SXM4-80GB,80,3.5,20000
node_train_0061,guangzhou,64,256,2000,NVIDIA RTX 4090-24GB,24,1.2,5000
node_train_0062,shanghai,128,512,2000,NVIDIA A100-SXM4-80GB,80,3.5,20000
node_train_0063,beijing,64,512,2000,NVIDIA L40S-48GB,48,2.0,10000
node_train_0064,shanghai,128,512,4000,NVIDIA L40S-48GB,48,2.0,10000
node_train_0065,guangzhou,256,1024,8000,NVIDIA RTX 4090-24GB,24,1.2,5000
node_train_0066,beijing,64,512,2000,NVIDIA L40S-48GB,48,2.0,10000
node_train_0067,guangzhou,256,1024,2000,NVIDIA A100-SXM4-80GB,80,3.5,20000
node_train_0068,shanghai,64,256,8000,NVIDIA RTX 4090-24GB,24,1.2,5000
node_train_0069,guangzhou,256,256,2000,NVIDIA L40S-48GB,48,2.0,10000
node_train_0070,beijing,64,256,8000,NVIDIA RTX 4090-24GB,24,1.2,5000
node_train_0071,guangzhou,64,512,2000,NVIDIA A100-SXM4-80GB,80,3.5,20000
node_train_0072,beijing,256,1024,2000,NVIDIA RTX 4090-24GB,24,1.2,5000
node_train_0073,beijing,128,1024,8000,NVIDIA RTX 4090-24GB,24,1.2,5000
node_train_0074,guangzhou,128,512,2000,NVIDIA RTX 4090-24GB,24,1.2,5000
node_train_0075,guangzhou,128,256,4000,NVIDIA RTX 4090-24GB,24,1.2,5000
node_train_0076,beijing,256,1024,4000,NVIDIA L40S-48GB,48,2.0,10000
node_train_0077,shanghai,64,256,4000,NVIDIA L40S-48GB,48,2.0,10000
node_train_0078,guangzhou,64,256,8000,NVIDIA RTX 4090-24GB,24,1.2,5000
node_train_0079,guangzhou,128,256,4000,NVIDIA A100-SXM4-80GB,80,3.5,20000
node_train_0080,beijing,128,512,2000,NVIDIA A100-SXM4-80GB,80,3.5,20000
node_train_0081,guangzhou,256,512,8000,NVIDIA L40S-48GB,48,2.0,10000
node_train_0082,guangzhou,64,1024,8000,NVIDIA RTX 4090-24GB,24,1.2,5000
node_train_0083,guangzhou,64,256,4000,NVIDIA L40S-48GB,48,2.0,10000
node_train_0084,beijing,256,1024,2000,NVIDIA A100-SXM4-80GB,80,3.5,20000
node_train_0085,shanghai,256,256,8000,NVIDIA L40S-48GB,48,2.0,10000
node_train_0086,beijing,256,1024,4000,NVIDIA L40S-48GB,48,2.0,10000
node_train_0087,shanghai,128,256,2000,NVIDIA RTX 4090-24GB,24,1.2,5000
node_train_0088,shanghai,128,256,2000,NVIDIA RTX 4090-24GB,24,1.2,5000
node_train_0089,beijing,256,512,2000,NVIDIA L40S-48GB,48,2.0,10000
node_train_0090,shanghai,256,1024,4000,NVIDIA RTX 4090-24GB,24,1.2,5000
node_train_0091,beijing,64,256,8000,NVIDIA RTX 4090-24GB,24,1.2,5000
node_train_0092,guangzhou,64,512,8000,NVIDIA A100-SXM4-80GB,80,3.5,20000
node_train_0093,beijing,128,256,2000,NVIDIA RTX 4090-24GB,24,1.2,5000
node_train_0094,shanghai,64,512,2000,NVIDIA L40S-48GB,48,2.0,10000
node_train_0095,beijing,256,256,4000,NVIDIA RTX 4090-24GB,24,1.2,5000
node_train_0096,shanghai,256,1024,2000,NVIDIA RTX 4090-24GB,24,1.2,5000
node_train_0097,beijing,64,512,2000,NVIDIA A100-SXM4-80GB,80,3.5,20000
node_train_0098,guangzhou,128,512,8000,NVIDIA A100-SXM4-80GB,80,3.5,20000
node_train_0099,beijing,128,256,8000,NVIDIA RTX 4090-24GB,24,1.2,5000
node_train_0100,shanghai,64,512,2000,NVIDIA A100-SXM4-80GB,80,3.5,20000
node_train_0101,shanghai,128,512,2000,NVIDIA A100-SXM4-80GB,80,3.5,20000
node_train_0102,beijing,256,256,4000,NVIDIA A100-SXM4-80GB,80,3.5,20000
node_train_0103,shanghai,64,512,4000,NVIDIA L40S-48GB,48,2.0,10000
node_train_0104,guangzhou,128,1024,8000,NVIDIA RTX 4090-24GB,24,1.2,5000
node_train_0105,beijing,64,512,2000,NVIDIA L40S-48GB,48,2.0,10000
node_train_0106,shanghai,64,256,8000,NVIDIA RTX 4090-24GB,24,1.2,5000
node_train_0107,shanghai,256,512,4000,NVIDIA L40S-48GB,48,2.0,10000
node_train_0108,guangzhou,64,512,8000,NVIDIA RTX 4090-24GB,24,1.2,5000
node_train_0109,shanghai,64,1024,4000,NVIDIA A100-SXM4-80GB,80,3.5,20000
node_train_0110,guangzhou,256,1024,8000,NVIDIA A100-SXM4-80GB,80,3.5,20000
node_train_0111,guangzhou,256,256,4000,NVIDIA RTX 4090-24GB,24,1.2,5000
node_train_0112,beijing,256,512,8000,NVIDIA L40S-48GB,48,2.0,10000
node_train_0113,guangzhou,64,1024,4000,NVIDIA L40S-48GB,48,2.0,10000
node_train_0114,shanghai,256,512,4000,NVIDIA RTX 4090-24GB,24,1.2,5000
node_train_0115,guangzhou,128,1024,2000,NVIDIA L40S-48GB,48,2.0,10000
node_train_0116,shanghai,256,512,8000,NVIDIA A100-SXM4-80GB,80,3.5,20000
node_train_0117,beijing,256,1024,4000,NVIDIA RTX 4090-24GB,24,1.2,5000
node_train_0118,guangzhou,64,512,4000,NVIDIA L40S-48GB,48,2.0,10000
node_train_0119,shanghai,256,1024,8000,NVIDIA A100-SXM4-80GB,80,3.5,20000
node_train_0120,shanghai,128,512,8000,NVIDIA L40S-48GB,48,2.0,10000
node_train_0121,guangzhou,128,1024,2000,NVIDIA A100-SXM4-80GB,80,3.5,20000
node_train_0122,beijing,128,1024,8000,NVIDIA RTX 4090-24GB,24,1.2,5000
node_train_0123,guangzhou,128,256,2000,NVIDIA RTX 4090-24GB,24,1.2,5000
node_train_0124,shanghai,64,256,2000,NVIDIA RTX 4090-24GB,24,1.2,5000
node_train_0125,beijing,64,512,8000,NVIDIA A100-SXM4-80GB,80,3.5,20000
node_train_0126,shanghai,128,1024,8000,NVIDIA A100-SXM4-80GB,80,3.5,20000
node_train_0127,guangzhou,256,512,4000,NVIDIA A100-SXM4-80GB,80,3.5,20000
node_train_0128,beijing,64,1024,8000,NVIDIA L40S-48GB,48,2.0,10000
node_train_0129,beijing,128,256,2000,NVIDIA A100-SXM4-80GB,80,3.5,20000
node_train_0130,guangzhou,128,256,8000,NVIDIA RTX 4090-24GB,24,1.2,5000
node_train_0131,beijing,128,256,4000,NVIDIA A100-SXM4-80GB,80,3.5,20000
node_train_0132,guangzhou,256,1024,4000,NVIDIA RTX 4090-24GB,24,1.2,5000
node_train_0133,guangzhou,256,1024,4000,NVIDIA L40S-48GB,48,2.0,10000
node_train_0134,shanghai,64,1024,4000,NVIDIA RTX 4090-24GB,24,1.2,5000
node_train_0135,shanghai,64,1024,4000,NVIDIA L40S-48GB,48,2.0,10000
node_train_0136,shanghai,256,256,4000,NVIDIA RTX 4090-24GB,24,1.2,5000
node_train_0137,beijing,256,512,2000,NVIDIA L40S-48GB,48,2.0,10000
node_train_0138,shanghai,128,1024,2000,NVIDIA L40S-48GB,48,2.0,10000
node_train_0139,beijing,64,512,8000,NVIDIA A100-SXM4-80GB,80,3.5,20000
node_train_0140,guangzhou,64,256,4000,NVIDIA A100-SXM4-80GB,80,3.5,20000
node_train_0141,shanghai,256,512,4000,NVIDIA L40S-48GB,48,2.0,10000
node_train_0142,beijing,128,512,8000,NVIDIA A100-SXM4-80GB,80,3.5,20000
node_train_0143,beijing,256,512,4000,NVIDIA RTX 4090-24GB,24,1.2,5000
node_train_0144,shanghai,128,512,4000,NVIDIA A100-SXM4-80GB,80,3.5,20000
node_train_0145,guangzhou,256,1024,8000,NVIDIA RTX 4090-24GB,24,1.2,5000
node_train_0146,shanghai,64,512,4000,NVIDIA A100-SXM4-80GB,80,3.5,20000
node_train_0147,beijing,128,512,8000,NVIDIA L40S-48GB,48,2.0,10000
node_train_0148,shanghai,256,256,4000,NVIDIA RTX 4090-24GB,24,1.2,5000
node_train_0149,guangzhou,256,256,4000,NVIDIA A100-SXM4-80GB,80,3.5,20000
node_train_0150,guangzhou,256,256,2000,NVIDIA RTX 4090-24GB,24,1.2,5000
node_train_0151,shanghai,64,512,2000,NVIDIA RTX 4090-24GB,24,1.2,5000
node_train_0152,shanghai,128,512,2000,NVIDIA A100-SXM4-80GB,80,3.5,20000
node_train_0153,shanghai,128,512,4000,NVIDIA L40S-48GB,48,2.0,10000
node_train_0154,shanghai,64,512,2000,NVIDIA L40S-48GB,48,2.0,10000
node_train_0155,guangzhou,64,512,2000,NVIDIA RTX 4090-24GB,24,1.2,5000
node_train_0156,beijing,256,256,2000,NVIDIA RTX 4090-24GB,24,1.2,5000
node_train_0157,beijing,64,1024,2000,NVIDIA A100-SXM4-80GB,80,3.5,20000
node_train_0158,beijing,128,1024,2000,NVIDIA A100-SXM4-80GB,80,3.5,20000
node_train_0159,beijing,128,1024,4000,NVIDIA RTX 4090-24GB,24,1.2,5000
node_train_0160,beijing,256,1024,8000,NVIDIA L40S-48GB,48,2.0,10000
node_train_0161,beijing,64,512,2000,NVIDIA RTX 4090-24GB,24,1.2,5000
node_train_0162,beijing,128,1024,8000,NVIDIA RTX 4090-24GB,24,1.2,5000
node_train_0163,shanghai,256,256,2000,NVIDIA L40S-48GB,48,2.0,10000
node_train_0164,guangzhou,256,256,2000,NVIDIA RTX 4090-24GB,24,1.2,5000
node_train_0165,shanghai,256,1024,2000,NVIDIA RTX 4090-24GB,24,1.2,5000
node_train_0166,beijing,128,1024,4000,NVIDIA RTX 4090-24GB,24,1.2,5000
node_train_0167,shanghai,64,1024,8000,NVIDIA RTX 4090-24GB,24,1.2,5000
node_train_0168,beijing,128,512,2000,NVIDIA L40S-48GB,48,2.0,10000
node_train_0169,shanghai,256,512,8000,NVIDIA L40S-48GB,48,2.0,10000
node_train_0170,shanghai,64,1024,8000,NVIDIA A100-SXM4-80GB,80,3.5,20000
node_train_0171,shanghai,256,1024,4000,NVIDIA RTX 4090-24GB,24,1.2,5000
node_train_0172,shanghai,256,1024,4000,NVIDIA L40S-48GB,48,2.0,10000
node_train_0173,beijing,64,512,4000,NVIDIA L40S-48GB,48,2.0,10000
node_train_0174,shanghai,256,1024,8000,NVIDIA A100-SXM4-80GB,80,3.5,20000
node_train_0175,shanghai,64,512,4000,NVIDIA L40S-48GB,48,2.0,10000
node_train_0176,shanghai,64,512,4000,NVIDIA A100-SXM4-80GB,80,3.5,20000
node_train_0177,shanghai,256,1024,4000,NVIDIA L40S-48GB,48,2.0,10000
node_train_0178,beijing,256,256,2000,NVIDIA RTX 4090-24GB,24,1.2,5000
node_train_0179,guangzhou,128,512,8000,NVIDIA A100-SXM4-80GB,80,3.5,20000
node_train_0180,guangzhou,128,1024,8000,NVIDIA A100-SXM4-80GB,80,3.5,20000
node_train_0181,shanghai,64,256,4000,NVIDIA L40S-48GB,48,2.0,10000
node_train_0182,shanghai,256,256,4000,NVIDIA A100-SXM4-80GB,80,3.5,20000
node_train_0183,guangzhou,128,512,8000,NVIDIA RTX 4090-24GB,24,1.2,5000
node_train_0184,shanghai,128,1024,8000,NVIDIA RTX 4090-24GB,24,1.2,5000
node_train_0185,shanghai,256,512,4000,NVIDIA L40S-48GB,48,2.0,10000
node_train_0186,shanghai,64,256,8000,NVIDIA L40S-48GB,48,2.0,10000
node_train_0187,shanghai,64,1024,8000,NVIDIA A100-SXM4-80GB,80,3.5,20000
node_train_0188,beijing,64,256,8000,NVIDIA RTX 4090-24GB,24,1.2,5000
node_train_0189,shanghai,256,1024,8000,NVIDIA L40S-48GB,48,2.0,10000
node_train_0190,shanghai,64,256,4000,NVIDIA RTX 4090-24GB,24,1.2,5000
node_train_0191,shanghai,64,512,2000,NVIDIA A100-SXM4-80GB,80,3.5,20000
node_train_0192,guangzhou,64,512,2000,NVIDIA RTX 4090-24GB,24,1.2,5000
node_train_0193,guangzhou,128,1024,2000,NVIDIA A100-SXM4-80GB,80,3.5,20000
node_train_0194,shanghai,64,256,8000,NVIDIA RTX 4090-24GB,24,1.2,5000
node_train_0195,shanghai,128,512,4000,NVIDIA L40S-48GB,48,2.0,10000
node_train_0196,beijing,128,512,2000,NVIDIA A100-SXM4-80GB,80,3.5,20000
node_train_0197,shanghai,128,256,8000,NVIDIA A100-SXM4-80GB,80,3.5,20000
node_train_0198,guangzhou,64,256,2000,NVIDIA RTX 4090-24GB,24,1.2,5000
node_train_0199,shanghai,64,256,2000,NVIDIA RTX 4090-24GB,24,1.2,5000
node_train_0200,shanghai,256,1024,8000,NVIDIA RTX 4090-24GB,24,1.2,5000
node_train_0201,guangzhou,128,512,4000,NVIDIA A100-SXM4-80GB,80,3.5,20000
node_train_0202,guangzhou,128,512,8000,NVIDIA L40S-48GB,48,2.0,10000
node_train_0203,beijing,256,1024,2000,NVIDIA RTX 4090-24GB,24,1.2,5000
node_train_0204,guangzhou,64,512,8000,NVIDIA A100-SXM4-80GB,80,3.5,20000
node_train_0205,beijing,64,256,8000,NVIDIA A100-SXM4-80GB,80,3.5,20000
node_train_0206,beijing,64,512,4000,NVIDIA A100-SXM4-80GB,80,3.5,20000
node_train_0207,guangzhou,128,512,2000,NVIDIA RTX 4090-24GB,24,1.2,5000
node_train_0208,shanghai,256,512,8000,NVIDIA A100-SXM4-80GB,80,3.5,20000
node_train_0209,beijing,256,256,4000,NVIDIA L40S-48GB,48,2.0,10000
node_train_0210,guangzhou,256,256,4000,NVIDIA RTX 4090-24GB,24,1.2,5000
node_train_0211,guangzhou,64,1024,2000,NVIDIA A100-SXM4-80GB,80,3.5,20000
node_train_0212,beijing,64,256,2000,NVIDIA L40S-48GB,48,2.0,10000
node_train_0213,guangzhou,256,1024,4000,NVIDIA L40S-48GB,48,2.0,10000
node_train_0214,beijing,128,1024,4000,NVIDIA L40S-48GB,48,2.0,10000
node_train_0215,shanghai,128,1024,8000,NVIDIA RTX 4090-24GB,24,1.2,5000
node_train_0216,shanghai,64,1024,2000,NVIDIA L40S-48GB,48,2.0,10000
node_train_0217,guangzhou,128,1024,4000,NVIDIA L40S-48GB,48,2.0,10000
node_train_0218,beijing,64,1024,8000,NVIDIA A100-SXM4-80GB,80,3.5,20000
node_train_0219,beijing,256,512,8000,NVIDIA RTX 4090-24GB,24,1.2,5000
node_train_0220,beijing,128,1024,8000,NVIDIA A100-SXM4-80GB,80,3.5,20000
node_train_0221,shanghai,64,1024,4000,NVIDIA L40S-48GB,48,2.0,10000
node_train_0222,shanghai,64,512,4000,NVIDIA RTX 4090-24GB,24,1.2,5000
node_train_0223,shanghai,128,1024,2000,NVIDIA L40S-48GB,48,2.0,10000
node_train_0224,shanghai,128,1024,4000,NVIDIA A100-SXM4-80GB,80,3.5,20000
node_train_0225,guangzhou,128,1024,2000,NVIDIA L40S-48GB,48,2.0,10000
node_train_0226,beijing,128,512,4000,NVIDIA L40S-48GB,48,2.0,10000
node_train_0227,shanghai,256,256,8000,NVIDIA A100-SXM4-80GB,80,3.5,20000
node_train_0228,shanghai,128,256,2000,NVIDIA RTX 4090-24GB,24,1.2,5000
node_train_0229,shanghai,256,512,8000,NVIDIA RTX 4090-24GB,24,1.2,5000
node_train_0230,beijing,64,512,8000,NVIDIA L40S-48GB,48,2.0,10000
node_train_0231,shanghai,128,1024,4000,NVIDIA A100-SXM4-80GB,80,3.5,20000
node_train_0232,beijing,256,1024,2000,NVIDIA A100-SXM4-80GB,80,3.5,20000
node_train_0233,beijing,128,1024,2000,NVIDIA RTX 4090-24GB,24,1.2,5000
node_train_0234,shanghai,64,256,2000,NVIDIA RTX 4090-24GB,24,1.2,5000
node_train_0235,beijing,256,256,4000,NVIDIA L40S-48GB,48,2.0,10000
node_train_0236,shanghai,256,1024,4000,NVIDIA RTX 4090-24GB,24,1.2,5000
node_train_0237,shanghai,128,256,4000,NVIDIA L40S-48GB,48,2.0,10000
node_train_0238,beijing,128,256,8000,NVIDIA RTX 4090-24GB,24,1.2,5000
node_train_0239,guangzhou,64,256,4000,NVIDIA RTX 4090-24GB,24,1.2,5000
node_train_0240,shanghai,256,512,2000,NVIDIA L40S-48GB,48,2.0,10000
node_train_0241,guangzhou,128,1024,8000,NVIDIA L40S-48GB,48,2.0,10000
node_train_0242,shanghai,64,512,8000,NVIDIA RTX 4090-24GB,24,1.2,5000
node_train_0243,shanghai,128,1024,8000,NVIDIA L40S-48GB,48,2.0,10000
node_train_0244,shanghai,128,256,8000,NVIDIA L40S-48GB,48,2.0,10000
node_train_0245,guangzhou,128,256,4000,NVIDIA A100-SXM4-80GB,80,3.5,20000
node_train_0246,shanghai,256,512,8000,NVIDIA A100-SXM4-80GB,80,3.5,20000
node_train_0247,shanghai,256,1024,2000,NVIDIA L40S-48GB,48,2.0,10000
node_train_0248,beijing,64,1024,8000,NVIDIA L40S-48GB,48,2.0,10000
node_train_0249,beijing,128,256,8000,NVIDIA L40S-48GB,48,2.0,10000
node_train_0250,beijing,256,256,4000,NVIDIA L40S-48GB,48,2.0,10000
node_train_0251,beijing,64,512,4000,NVIDIA RTX 4090-24GB,24,1.2,5000
node_train_0252,guangzhou,256,512,8000,NVIDIA L40S-48GB,48,2.0,10000
node_train_0253,shanghai,256,1024,4000,NVIDIA A100-SXM4-80GB,80,3.5,20000
node_train_0254,guangzhou,256,512,8000,NVIDIA L40S-48GB,48,2.0,10000
node_train_0255,guangzhou,64,256,8000,NVIDIA A100-SXM4-80GB,80,3.5,20000
node_train_0256,shanghai,64,1024,2000,NVIDIA RTX 4090-24GB,24,1.2,5000
node_train_0257,beijing,256,1024,2000,NVIDIA L40S-48GB,48,2.0,10000
node_train_0258,beijing,256,512,2000,NVIDIA L40S-48GB,48,2.0,10000
node_train_0259,shanghai,64,512,4000,NVIDIA A100-SXM4-80GB,80,3.5,20000
node_train_0260,shanghai,64,256,8000,NVIDIA L40S-48GB,48,2.0,10000
node_train_0261,guangzhou,256,256,2000,NVIDIA L40S-48GB,48,2.0,10000
node_train_0262,beijing,256,512,8000,NVIDIA A100-SXM4-80GB,80,3.5,20000
node_train_0263,beijing,128,1024,2000,NVIDIA RTX 4090-24GB,24,1.2,5000
node_train_0264,shanghai,256,512,4000,NVIDIA A100-SXM4-80GB,80,3.5,20000
node_train_0265,guangzhou,64,512,4000,NVIDIA L40S-48GB,48,2.0,10000
node_train_0266,guangzhou,64,256,4000,NVIDIA RTX 4090-24GB,24,1.2,5000
node_train_0267,guangzhou,128,1024,4000,NVIDIA L40S-48GB,48,2.0,10000
node_train_0268,shanghai,128,512,2000,NVIDIA RTX 4090-24GB,24,1.2,5000
node_train_0269,shanghai,64,256,4000,NVIDIA L40S-48GB,48,2.0,10000
node_train_0270,shanghai,256,512,8000,NVIDIA RTX 4090-24GB,24,1.2,5000
node_train_0271,beijing,256,512,4000,NVIDIA L40S-48GB,48,2.0,10000
node_train_0272,guangzhou,256,1024,2000,NVIDIA A100-SXM4-80GB,80,3.5,20000
node_train_0273,guangzhou,128,512,2000,NVIDIA RTX 4090-24GB,24,1.2,5000
node_train_0274,shanghai,64,1024,2000,NVIDIA RTX 4090-24GB,24,1.2,5000
node_train_0275,shanghai,256,1024,8000,NVIDIA RTX 4090-24GB,24,1.2,5000
node_train_0276,beijing,256,256,8000,NVIDIA RTX 4090-24GB,24,1.2,5000
node_train_0277,beijing,128,512,2000,NVIDIA RTX 4090-24GB,24,1.2,5000
node_train_0278,shanghai,256,256,2000,NVIDIA RTX 4090-24GB,24,1.2,5000
node_train_0279,shanghai,256,512,2000,NVIDIA L40S-48GB,48,2.0,10000
node_train_0280,beijing,256,512,8000,NVIDIA A100-SXM4-80GB,80,3.5,20000
node_train_0281,shanghai,64,512,4000,NVIDIA RTX 4090-24GB,24,1.2,5000
node_train_0282,guangzhou,128,256,4000,NVIDIA L40S-48GB,48,2.0,10000
node_train_0283,beijing,64,1024,8000,NVIDIA A100-SXM4-80GB,80,3.5,20000
node_train_0284,shanghai,256,512,2000,NVIDIA RTX 4090-24GB,24,1.2,5000
node_train_0285,beijing,128,1024,2000,NVIDIA L40S-48GB,48,2.0,10000
node_train_0286,shanghai,256,1024,8000,NVIDIA L40S-48GB,48,2.0,10000
node_train_0287,guangzhou,128,1024,4000,NVIDIA L40S-48GB,48,2.0,10000
node_train_0288,guangzhou,64,512,2000,NVIDIA A100-SXM4-80GB,80,3.5,20000
node_train_0289,guangzhou,128,1024,2000,NVIDIA RTX 4090-24GB,24,1.2,5000
node_train_0290,beijing,256,512,8000,NVIDIA RTX 4090-24GB,24,1.2,5000
node_train_0291,guangzhou,128,256,2000,NVIDIA L40S-48GB,48,2.0,10000
node_train_0292,beijing,128,512,2000,NVIDIA A100-SXM4-80GB,80,3.5,20000
node_train_0293,beijing,256,256,4000,NVIDIA A100-SXM4-80GB,80,3.5,20000
node_train_0294,shanghai,256,1024,8000,NVIDIA L40S-48GB,48,2.0,10000
node_train_0295,shanghai,256,1024,8000,NVIDIA RTX 4090-24GB,24,1.2,5000
node_train_0296,shanghai,256,256,4000,NVIDIA A100-SXM4-80GB,80,3.5,20000
node_train_0297,shanghai,128,256,8000,NVIDIA RTX 4090-24GB,24,1.2,5000
node_train_0298,beijing,128,512,2000,NVIDIA L40S-48GB,48,2.0,10000
node_train_0299,beijing,256,512,8000,NVIDIA L40S-48GB,48,2.0,10000
node_train_0300,shanghai,64,512,4000,NVIDIA RTX 4090-24GB,24,1.2,5000
node_train_0301,beijing,128,256,8000,NVIDIA A100-SXM4-80GB,80,3.5,20000
node_train_0302,guangzhou,256,1024,2000,NVIDIA A100-SXM4-80GB,80,3.5,20000
node_train_0303,shanghai,64,256,8000,NVIDIA A100-SXM4-80GB,80,3.5,20000
node_train_0304,beijing,256,256,8000,NVIDIA A100-SXM4-80GB,80,3.5,20000
node_train_0305,beijing,128,256,8000,NVIDIA A100-SXM4-80GB,80,3.5,20000
node_train_0306,shanghai,64,256,8000,NVIDIA A100-SXM4-80GB,80,3.5,20000
node_train_0307,beijing,64,1024,2000,NVIDIA L40S-48GB,48,2.0,10000
node_train_0308,beijing,128,256,8000,NVIDIA A100-SXM4-80GB,80,3.5,20000
node_train_0309,beijing,64,512,2000,NVIDIA L40S-48GB,48,2.0,10000
node_train_0310,guangzhou,128,1024,2000,NVIDIA A100-SXM4-80GB,80,3.5,20000
node_train_0311,beijing,128,512,4000,NVIDIA RTX 4090-24GB,24,1.2,5000
node_train_0312,guangzhou,64,512,8000,NVIDIA RTX 4090-24GB,24,1.2,5000
node_train_0313,guangzhou,64,1024,8000,NVIDIA A100-SXM4-80GB,80,3.5,20000
node_train_0314,shanghai,128,1024,2000,NVIDIA RTX 4090-24GB,24,1.2,5000
node_train_0315,shanghai,128,512,8000,NVIDIA A100-SXM4-80GB,80,3.5,20000
node_train_0316,shanghai,256,512,2000,NVIDIA A100-SXM4-80GB,80,3.5,20000
node_train_0317,shanghai,256,256,2000,NVIDIA A100-SXM4-80GB,80,3.5,20000
node_train_0318,shanghai,256,1024,8000,NVIDIA A100-SXM4-80GB,80,3.5,20000
node_train_0319,guangzhou,128,512,8000,NVIDIA RTX 4090-24GB,24,1.2,5000
node_train_0320,shanghai,128,1024,8000,NVIDIA RTX 4090-24GB,24,1.2,5000
node_train_0321,beijing,256,256,8000,NVIDIA L40S-48GB,48,2.0,10000
node_train_0322,guangzhou,256,256,4000,NVIDIA RTX 4090-24GB,24,1.2,5000
node_train_0323,beijing,128,512,4000,NVIDIA L40S-48GB,48,2.0,10000
node_train_0324,shanghai,256,256,4000,NVIDIA L40S-48GB,48,2.0,10000
node_train_0325,shanghai,256,512,4000,NVIDIA L40S-48GB,48,2.0,10000
node_train_0326,guangzhou,128,256,2000,NVIDIA A100-SXM4-80GB,80,3.5,20000
node_train_0327,beijing,128,256,8000,NVIDIA A100-SXM4-80GB,80,3.5,20000
node_train_0328,shanghai,64,1024,2000,NVIDIA RTX 4090-24GB,24,1.2,5000
node_train_0329,guangzhou,256,512,8000,NVIDIA RTX 4090-24GB,24,1.2,5000
node_train_0330,shanghai,128,1024,4000,NVIDIA A100-SXM4-80GB,80,3.5,20000
node_train_0331,beijing,128,1024,4000,NVIDIA RTX 4090-24GB,24,1.2,5000
node_train_0332,beijing,256,1024,2000,NVIDIA L40S-48GB,48,2.0,10000
node_train_0333,guangzhou,128,256,2000,NVIDIA A100-SXM4-80GB,80,3.5,20000
node_train_0334,guangzhou,128,256,4000,NVIDIA L40S-48GB,48,2.0,10000
node_train_0335,beijing,128,1024,8000,NVIDIA RTX 4090-24GB,24,1.2,5000
node_train_0336,guangzhou,256,1024,2000,NVIDIA RTX 4090-24GB,24,1.2,5000
node_train_0337,guangzhou,256,512,2000,NVIDIA RTX 4090-24GB,24,1.2,5000
node_train_0338,shanghai,256,512,4000,NVIDIA A100-SXM4-80GB,80,3.5,20000
node_train_0339,beijing,64,256,8000,NVIDIA L40S-48GB,48,2.0,10000
node_train_0340,shanghai,64,256,8000,NVIDIA RTX 4090-24GB,24,1.2,5000
node_train_0341,beijing,64,1024,8000,NVIDIA RTX 4090-24GB,24,1.2,5000
node_train_0342,shanghai,128,512,4000,NVIDIA A100-SXM4-80GB,80,3.5,20000
node_train_0343,shanghai,128,1024,4000,NVIDIA A100-SXM4-80GB,80,3.5,20000
node_train_0344,guangzhou,64,256,2000,NVIDIA RTX 4090-24GB,24,1.2,5000
node_train_0345,guangzhou,64,1024,2000,NVIDIA A100-SXM4-80GB,80,3.5,20000
node_train_0346,shanghai,256,512,4000,NVIDIA L40S-48GB,48,2.0,10000
node_train_0347,shanghai,128,512,2000,NVIDIA RTX 4090-24GB,24,1.2,5000
node_train_0348,beijing,128,512,2000,NVIDIA RTX 4090-24GB,24,1.2,5000
node_train_0349,guangzhou,256,1024,4000,NVIDIA L40S-48GB,48,2.0,10000
node_train_0350,guangzhou,128,256,2000,NVIDIA RTX 4090-24GB,24,1.2,5000
node_train_0351,guangzhou,64,256,2000,NVIDIA L40S-48GB,48,2.0,10000
node_train_0352,beijing,64,512,4000,NVIDIA L40S-48GB,48,2.0,10000
node_train_0353,beijing,64,512,8000,NVIDIA L40S-48GB,48,2.0,10000
node_train_0354,beijing,64,512,8000,NVIDIA L40S-48GB,48,2.0,10000
node_train_0355,beijing,256,1024,8000,NVIDIA RTX 4090-24GB,24,1.2,5000
node_train_0356,beijing,128,1024,2000,NVIDIA L40S-48GB,48,2.0,10000
node_train_0357,beijing,128,256,4000,NVIDIA L40S-48GB,48,2.0,10000
node_train_0358,shanghai,256,512,8000,NVIDIA RTX 4090-24GB,24,1.2,5000
node_train_0359,shanghai,128,256,4000,NVIDIA RTX 4090-24GB,24,1.2,5000
node_train_0360,shanghai,64,1024,4000,NVIDIA A100-SXM4-80GB,80,3.5,20000
node_train_0361,shanghai,64,512,2000,NVIDIA RTX 4090-24GB,24,1.2,5000
node_train_0362,shanghai,256,512,8000,NVIDIA A100-SXM4-80GB,80,3.5,20000
node_train_0363,shanghai,128,1024,4000,NVIDIA A100-SXM4-80GB,80,3.5,20000
node_train_0364,shanghai,64,256,8000,NVIDIA A100-SXM4-80GB,80,3.5,20000
node_train_0365,beijing,256,1024,2000,NVIDIA RTX 4090-24GB,24,1.2,5000
node_train_0366,shanghai,256,1024,2000,NVIDIA L40S-48GB,48,2.0,10000
node_train_0367,beijing,64,512,2000,NVIDIA A100-SXM4-80GB,80,3.5,20000
node_train_0368,guangzhou,64,1024,2000,NVIDIA A100-SXM4-80GB,80,3.5,20000
node_train_0369,guangzhou,128,512,8000,NVIDIA A100-SXM4-80GB,80,3.5,20000
node_train_0370,shanghai,256,1024,8000,NVIDIA RTX 4090-24GB,24,1.2,5000
node_train_0371,guangzhou,128,1024,4000,NVIDIA RTX 4090-24GB,24,1.2,5000
node_train_0372,shanghai,64,512,4000,NVIDIA A100-SXM4-80GB,80,3.5,20000
node_train_0373,shanghai,128,1024,2000,NVIDIA RTX 4090-24GB,24,1.2,5000
node_train_0374,guangzhou,64,512,4000,NVIDIA L40S-48GB,48,2.0,10000
node_train_0375,beijing,64,512,4000,NVIDIA L40S-48GB,48,2.0,10000
node_train_0376,guangzhou,64,1024,8000,NVIDIA A100-SXM4-80GB,80,3.5,20000
node_train_0377,shanghai,128,1024,8000,NVIDIA RTX 4090-24GB,24,1.2,5000
node_train_0378,beijing,128,1024,8000,NVIDIA RTX 4090-24GB,24,1.2,5000
node_train_0379,shanghai,256,512,8000,NVIDIA A100-SXM4-80GB,80,3.5,20000
node_train_0380,beijing,128,256,4000,NVIDIA A100-SXM4-80GB,80,3.5,20000
node_train_0381,beijing,256,1024,2000,NVIDIA RTX 4090-24GB,24,1.2,5000
node_train_0382,beijing,256,512,4000,NVIDIA A100-SXM4-80GB,80,3.5,20000
node_train_0383,guangzhou,256,256,4000,NVIDIA RTX 4090-24GB,24,1.2,5000
node_train_0384,shanghai,128,512,4000,NVIDIA L40S-48GB,48,2.0,10000
node_train_0385,guangzhou,64,1024,8000,NVIDIA RTX 4090-24GB,24,1.2,5000
node_train_0386,beijing,128,256,8000,NVIDIA L40S-48GB,48,2.0,10000
node_train_0387,shanghai,128,512,8000,NVIDIA RTX 4090-24GB,24,1.2,5000
node_train_0388,guangzhou,64,512,2000,NVIDIA RTX 4090-24GB,24,1.2,5000
node_train_0389,guangzhou,64,512,4000,NVIDIA RTX 4090-24GB,24,1.2,5000
node_train_0390,guangzhou,256,512,2000,NVIDIA RTX 4090-24GB,24,1.2,5000
node_train_0391,guangzhou,64,512,8000,NVIDIA RTX 4090-24GB,24,1.2,5000
node_train_0392,guangzhou,128,256,8000,NVIDIA L40S-48GB,48,2.0,10000
node_train_0393,guangzhou,256,1024,2000,NVIDIA RTX 4090-24GB,24,1.2,5000
node_train_0394,guangzhou,128,1024,4000,NVIDIA RTX 4090-24GB,24,1.2,5000
node_train_0395,shanghai,128,256,2000,NVIDIA A100-SXM4-80GB,80,3.5,20000
node_train_0396,shanghai,64,256,2000,NVIDIA L40S-48GB,48,2.0,10000
node_train_0397,beijing,128,256,8000,NVIDIA A100-SXM4-80GB,80,3.5,20000
node_train_0398,guangzhou,256,256,8000,NVIDIA RTX 4090-24GB,24,1.2,5000
node_train_0399,guangzhou,64,1024,4000,NVIDIA L40S-48GB,48,2.0,10000
node_train_0400,beijing,64,1024,8000,NVIDIA A100-SXM4-80GB,80,3.5,20000
node_train_0401,guangzhou,128,256,4000,NVIDIA A100-SXM4-80GB,80,3.5,20000
node_train_0402,guangzhou,256,256,4000,NVIDIA L40S-48GB,48,2.0,10000
node_train_0403,shanghai,256,512,2000,NVIDIA RTX 4090-24GB,24,1.2,5000
node_train_0404,beijing,128,512,2000,NVIDIA RTX 4090-24GB,24,1.2,5000
node_train_0405,guangzhou,256,512,4000,NVIDIA L40S-48GB,48,2.0,10000
node_train_0406,shanghai,256,1024,4000,NVIDIA L40S-48GB,48,2.0,10000
node_train_0407,beijing,256,256,4000,NVIDIA A100-SXM4-80GB,80,3.5,20000
node_train_0408,guangzhou,128,512,8000,NVIDIA A100-SXM4-80GB,80,3.5,20000
node_train_0409,guangzhou,256,256,4000,NVIDIA A100-SXM4-80GB,80,3.5,20000
node_train_0410,beijing,128,512,8000,NVIDIA A100-SXM4-80GB,80,3.5,20000
node_train_0411,shanghai,64,256,4000,NVIDIA A100-SXM4-80GB,80,3.5,20000
node_train_0412,beijing,128,256,4000,NVIDIA L40S-48GB,48,2.0,10000
node_train_0413,shanghai,64,512,2000,NVIDIA RTX 4090-24GB,24,1.2,5000
node_train_0414,beijing,64,512,2000,NVIDIA L40S-48GB,48,2.0,10000
node_train_0415,guangzhou,128,256,2000,NVIDIA RTX 4090-24GB,24,1.2,5000
node_train_0416,shanghai,128,1024,2000,NVIDIA A100-SXM4-80GB,80,3.5,20000
node_train_0417,shanghai,128,1024,2000,NVIDIA RTX 4090-24GB,24,1.2,5000
node_train_0418,beijing,128,256,2000,NVIDIA A100-SXM4-80GB,80,3.5,20000
node_train_0419,guangzhou,256,1024,4000,NVIDIA RTX 4090-24GB,24,1.2,5000
node_train_0420,shanghai,64,512,2000,NVIDIA A100-SXM4-80GB,80,3.5,20000
node_train_0421,beijing,128,1024,8000,NVIDIA A100-SXM4-80GB,80,3.5,20000
node_train_0422,beijing,64,512,8000,NVIDIA L40S-48GB,48,2.0,10000
node_train_0423,beijing,256,1024,8000,NVIDIA RTX 4090-24GB,24,1.2,5000
node_train_0424,guangzhou,64,512,4000,NVIDIA A100-SXM4-80GB,80,3.5,20000
node_train_0425,guangzhou,128,256,8000,NVIDIA A100-SXM4-80GB,80,3.5,20000
node_train_0426,beijing,256,1024,2000,NVIDIA L40S-48GB,48,2.0,10000
node_train_0427,shanghai,64,1024,8000,NVIDIA RTX 4090-24GB,24,1.2,5000
node_train_0428,guangzhou,256,256,4000,NVIDIA RTX 4090-24GB,24,1.2,5000
node_train_0429,beijing,256,512,4000,NVIDIA L40S-48GB,48,2.0,10000
node_train_0430,guangzhou,64,512,2000,NVIDIA L40S-48GB,48,2.0,10000
node_train_0431,beijing,256,1024,8000,NVIDIA L40S-48GB,48,2.0,10000
node_train_0432,guangzhou,256,512,2000,NVIDIA A100-SXM4-80GB,80,3.5,20000
node_train_0433,shanghai,256,512,8000,NVIDIA A100-SXM4-80GB,80,3.5,20000
node_train_0434,guangzhou,128,1024,4000,NVIDIA A100-SXM4-80GB,80,3.5,20000
node_train_0435,beijing,64,256,8000,NVIDIA RTX 4090-24GB,24,1.2,5000
node_train_0436,beijing,128,256,2000,NVIDIA L40S-48GB,48,2.0,10000
node_train_0437,beijing,128,512,8000,NVIDIA A100-SXM4-80GB,80,3.5,20000
node_train_0438,guangzhou,128,512,2000,NVIDIA L40S-48GB,48,2.0,10000
node_train_0439,beijing,128,512,2000,NVIDIA RTX 4090-24GB,24,1.2,5000
node_train_0440,shanghai,128,256,4000,NVIDIA RTX 4090-24GB,24,1.2,5000
node_train_0441,shanghai,256,512,4000,NVIDIA L40S-48GB,48,2.0,10000
node_train_0442,beijing,128,1024,4000,NVIDIA L40S-48GB,48,2.0,10000
node_train_0443,guangzhou,128,256,8000,NVIDIA L40S-48GB,48,2.0,10000
node_train_0444,beijing,128,1024,2000,NVIDIA L40S-48GB,48,2.0,10000
node_train_0445,shanghai,128,256,2000,NVIDIA RTX 4090-24GB,24,1.2,5000
node_train_0446,guangzhou,128,512,4000,NVIDIA L40S-48GB,48,2.0,10000
node_train_0447,guangzhou,128,256,8000,NVIDIA RTX 4090-24GB,24,1.2,5000
node_train_0448,shanghai,128,256,8000,NVIDIA L40S-48GB,48,2.0,10000
node_train_0449,guangzhou,128,512,8000,NVIDIA L40S-48GB,48,2.0,10000
node_train_0450,beijing,256,1024,4000,NVIDIA A100-SXM4-80GB,80,3.5,20000
node_train_0451,guangzhou,256,1024,2000,NVIDIA L40S-48GB,48,2.0,10000
node_train_0452,beijing,256,1024,4000,NVIDIA A100-SXM4-80GB,80,3.5,20000
node_train_0453,beijing,64,256,8000,NVIDIA A100-SXM4-80GB,80,3.5,20000
node_train_0454,shanghai,128,1024,2000,NVIDIA L40S-48GB,48,2.0,10000
node_train_0455,beijing,256,512,4000,NVIDIA RTX 4090-24GB,24,1.2,5000
node_train_0456,shanghai,64,1024,2000,NVIDIA L40S-48GB,48,2.0,10000
node_train_0457,shanghai,128,512,8000,NVIDIA RTX 4090-24GB,24,1.2,5000
node_train_0458,beijing,64,256,8000,NVIDIA L40S-48GB,48,2.0,10000
node_train_0459,shanghai,256,512,8000,NVIDIA A100-SXM4-80GB,80,3.5,20000
node_train_0460,shanghai,128,1024,4000,NVIDIA A100-SXM4-80GB,80,3.5,20000
node_train_0461,guangzhou,128,1024,4000,NVIDIA A100-SXM4-80GB,80,3.5,20000
node_train_0462,beijing,64,256,4000,NVIDIA A100-SXM4-80GB,80,3.5,20000
node_train_0463,guangzhou,128,256,8000,NVIDIA A100-SXM4-80GB,80,3.5,20000
node_train_0464,guangzhou,128,1024,2000,NVIDIA L40S-48GB,48,2.0,10000
node_train_0465,guangzhou,128,512,2000,NVIDIA RTX 4090-24GB,24,1.2,5000
node_train_0466,guangzhou,256,1024,2000,NVIDIA RTX 4090-24GB,24,1.2,5000
node_train_0467,guangzhou,64,256,2000,NVIDIA L40S-48GB,48,2.0,10000
node_train_0468,beijing,128,256,4000,NVIDIA A100-SXM4-80GB,80,3.5,20000
node_train_0469,guangzhou,128,512,8000,NVIDIA RTX 4090-24GB,24,1.2,5000
node_train_0470,guangzhou,64,256,4000,NVIDIA A100-SXM4-80GB,80,3.5,20000
node_train_0471,guangzhou,256,512,8000,NVIDIA L40S-48GB,48,2.0,10000
node_train_0472,shanghai,256,256,2000,NVIDIA L40S-48GB,48,2.0,10000
node_train_0473,guangzhou,64,512,4000,NVIDIA L40S-48GB,48,2.0,10000
node_train_0474,guangzhou,128,256,8000,NVIDIA RTX 4090-24GB,24,1.2,5000
node_train_0475,guangzhou,64,256,4000,NVIDIA RTX 4090-24GB,24,1.2,5000
node_train_0476,beijing,64,1024,2000,NVIDIA RTX 4090-24GB,24,1.2,5000
node_train_0477,beijing,64,512,8000,NVIDIA L40S-48GB,48,2.0,10000
node_train_0478,shanghai,256,512,2000,NVIDIA A100-SXM4-80GB,80,3.5,20000
node_train_0479,beijing,256,1024,4000,NVIDIA L40S-48GB,48,2.0,10000
node_train_0480,guangzhou,128,1024,8000,NVIDIA A100-SXM4-80GB,80,3.5,20000
node_train_0481,guangzhou,256,256,8000,NVIDIA A100-SXM4-80GB,80,3.5,20000
node_train_0482,beijing,64,1024,8000,NVIDIA RTX 4090-24GB,24,1.2,5000
node_train_0483,guangzhou,128,1024,2000,NVIDIA RTX 4090-24GB,24,1.2,5000
node_train_0484,beijing,64,1024,8000,NVIDIA A100-SXM4-80GB,80,3.5,20000
node_train_0485,guangzhou,64,1024,4000,NVIDIA L40S-48GB,48,2.0,10000
node_train_0486,guangzhou,64,512,8000,NVIDIA RTX 4090-24GB,24,1.2,5000
node_train_0487,shanghai,256,512,4000,NVIDIA RTX 4090-24GB,24,1.2,5000
node_train_0488,guangzhou,128,512,4000,NVIDIA A100-SXM4-80GB,80,3.5,20000
node_train_0489,guangzhou,64,256,4000,NVIDIA A100-SXM4-80GB,80,3.5,20000
node_train_0490,shanghai,128,256,4000,NVIDIA L40S-48GB,48,2.0,10000
node_train_0491,beijing,128,1024,4000,NVIDIA RTX 4090-24GB,24,1.2,5000
node_train_0492,shanghai,128,256,4000,NVIDIA RTX 4090-24GB,24,1.2,5000
node_train_0493,guangzhou,64,512,2000,NVIDIA RTX 4090-24GB,24,1.2,5000
node_train_0494,beijing,128,512,2000,NVIDIA L40S-48GB,48,2.0,10000
node_train_0495,beijing,64,512,4000,NVIDIA A100-SXM4-80GB,80,3.5,20000
node_train_0496,shanghai,64,256,4000,NVIDIA RTX 4090-24GB,24,1.2,5000
node_train_0497,guangzhou,128,256,2000,NVIDIA RTX 4090-24GB,24,1.2,5000
node_train_0498,guangzhou,128,512,4000,NVIDIA L40S-48GB,48,2.0,10000
node_train_0499,beijing,64,512,8000,NVIDIA L40S-48GB,48,2.0,10000
