node_id,region,cpu_cores,mem_gb,disk_gb,gpu_model,gpu_mem_gb,cost_per_hour,network_bandwidth_mbps,base_flops
node_train_0000,guangzhou,128 cores,512 GB,2000 GB NVMe,NVIDIA L40S-48GB,48,11.8,38790,180
node_train_0001,beijing,64 cores,256 GB,2000 GB NVMe,NVIDIA RTX 4090-24GB,24,4.58,83852,82
node_train_0002,shanghai,64 cores,256 GB,2000 GB NVMe,NVIDIA A100-SXM4-80GB,80,31.31,92809,312
node_train_0003,beijing,32 cores,512 GB,4000 GB NVMe,NVIDIA RTX 4090-24GB,24,4.78,81633,82
node_train_0004,shanghai,128 cores,512 GB,2000 GB NVMe,NVIDIA A100-SXM4-80GB,80,28.74,33580,312
node_train_0005,shanghai,128 cores,256 GB,2000 GB NVMe,NVIDIA L40S-48GB,48,12.8,56359,180
node_train_0006,beijing,128 cores,256 GB,2000 GB NVMe,NVIDIA L40S-48GB,48,11.58,54887,180
node_train_0007,shanghai,64 cores,256 GB,2000 GB NVMe,NVIDIA RTX 4090-24GB,24,4.67,85277,82
node_train_0008,shanghai,32 cores,256 GB,4000 GB NVMe,NVIDIA A100-SXM4-80GB,80,27.97,89978,312
node_train_0009,beijing,128 cores,256 GB,2000 GB NVMe,NVIDIA RTX 4090-24GB,24,5.13,11140,82
node_train_0010,shanghai,32 cores,256 GB,4000 GB NVMe,NVIDIA L40S-48GB,48,12.96,90376,180
node_train_0011,guangzhou,32 cores,256 GB,2000 GB NVMe,NVIDIA A100-SXM4-80GB,80,29.55,79640,312
node_train_0012,guangzhou,64 cores,512 GB,2000 GB NVMe,NVIDIA RTX 4090-24GB,24,5.01,18741,82
node_train_0013,shanghai,64 cores,512 GB,2000 GB NVMe,NVIDIA A100-SXM4-80GB,80,32.45,56183,312
node_train_0014,shanghai,128 cores,256 GB,2000 GB NVMe,NVIDIA RTX 4090-24GB,24,4.94,20603,82
node_train_0015,guangzhou,64 cores,512 GB,4000 GB NVMe,NVIDIA RTX 4090-24GB,24,4.99,57183,82
node_train_0016,beijing,128 cores,512 GB,4000 GB NVMe,NVIDIA RTX 4090-24GB,24,4.58,99382,82
node_train_0017,shanghai,64 cores,256 GB,2000 GB NVMe,NVIDIA A100-SXM4-80GB,80,27.14,91459,312
node_train_0018,beijing,64 cores,256 GB,2000 GB NVMe,NVIDIA RTX 4090-24GB,24,5.45,99166,82
node_train_0019,beijing,32 cores,512 GB,2000 GB NVMe,NVIDIA L40S-48GB,48,12.78,19497,180
node_train_0020,beijing,128 cores,512 GB,4000 GB NVMe,NVIDIA RTX 4090-24GB,24,5.34,35396,82
node_train_0021,guangzhou,32 cores,512 GB,2000 GB NVMe,NVIDIA RTX 4090-24GB,24,4.67,87063,82
node_train_0022,shanghai,128 cores,256 GB,2000 GB NVMe,NVIDIA L40S-48GB,48,12.51,88246,180
node_train_0023,guangzhou,128 cores,256 GB,4000 GB NVMe,NVIDIA RTX 4090-24GB,24,4.94,68140,82
node_train_0024,beijing,128 cores,512 GB,4000 GB NVMe,NVIDIA L40S-48GB,48,12.29,35248,180
node_train_0025,beijing,32 cores,512 GB,2000 GB NVMe,NVIDIA RTX 4090-24GB,24,4.61,52839,82
node_train_0026,shanghai,64 cores,256 GB,4000 GB NVMe,NVIDIA RTX 4090-24GB,24,4.53,42073,82
node_train_0027,shanghai,64 cores,256 GB,2000 GB NVMe,NVIDIA RTX 4090-24GB,24,5.39,57230,82
node_train_0028,shanghai,32 cores,256 GB,4000 GB NVMe,NVIDIA RTX 4090-24GB,24,5.24,48618,82
node_train_0029,guangzhou,64 cores,512 GB,4000 GB NVMe,NVIDIA A100-SXM4-80GB,80,31.06,72462,312
node_train_0030,shanghai,128 cores,512 GB,4000 GB NVMe,NVIDIA RTX 4090-24GB,24,5.25,88111,82
node_train_0031,beijing,128 cores,256 GB,4000 GB NVMe,NVIDIA L40S-48GB,48,12.4,89660,180
node_train_0032,shanghai,64 cores,256 GB,4000 GB NVMe,NVIDIA RTX 4090-24GB,24,4.84,61833,82
node_train_0033,shanghai,32 cores,256 GB,2000 GB NVMe,NVIDIA A100-SXM4-80GB,80,31.57,55960,312
node_train_0034,shanghai,64 cores,512 GB,4000 GB NVMe,NVIDIA RTX 4090-24GB,24,4.57,99926,82
node_train_0035,shanghai,128 cores,256 GB,2000 GB NVMe,NVIDIA A100-SXM4-80GB,80,30.39,81827,312
node_train_0036,beijing,64 cores,512 GB,2000 GB NVMe,NVIDIA RTX 4090-24GB,24,4.59,54275,82
node_train_0037,beijing,128 cores,512 GB,2000 GB NVMe,NVIDIA RTX 4090-24GB,24,5.19,41422,82
node_train_0038,beijing,32 cores,512 GB,2000 GB NVMe,NVIDIA RTX 4090-24GB,24,5.18,52189,82
node_train_0039,beijing,64 cores,256 GB,4000 GB NVMe,NVIDIA RTX 4090-24GB,24,4.53,51386,82
node_train_0040,guangzhou,32 cores,512 GB,4000 GB NVMe,NVIDIA RTX 4090-24GB,24,4.74,91408,82
node_train_0041,guangzhou,64 cores,512 GB,4000 GB NVMe,NVIDIA RTX 4090-24GB,24,5.32,63696,82
node_train_0042,guangzhou,64 cores,512 GB,2000 GB NVMe,NVIDIA L40S-48GB,48,12.12,25662,180
node_train_0043,guangzhou,32 cores,256 GB,4000 GB NVMe,NVIDIA L40S-48GB,48,12.22,12947,180
node_train_0044,beijing,128 cores,512 GB,2000 GB NVMe,NVIDIA L40S-48GB,48,12.63,13990,180
node_train_0045,shanghai,128 cores,256 GB,4000 GB NVMe,NVIDIA L40S-48GB,48,13.17,34860,180
node_train_0046,shanghai,128 cores,512 GB,2000 GB NVMe,NVIDIA RTX 4090-24GB,24,5.26,54818,82
node_train_0047,beijing,64 cores,256 GB,2000 GB NVMe,NVIDIA L40S-48GB,48,11.22,40057,180
node_train_0048,beijing,128 cores,256 GB,4000 GB NVMe,NVIDIA L40S-48GB,48,12.55,96811,180
node_train_0049,beijing,32 cores,512 GB,2000 GB NVMe,NVIDIA RTX 4090-24GB,24,5.13,52325,82
node_train_0050,guangzhou,64 cores,512 GB,4000 GB NVMe,NVIDIA RTX 4090-24GB,24,4.53,54797,82
node_train_0051,beijing,64 cores,512 GB,4000 GB NVMe,NVIDIA RTX 4090-24GB,24,5.06,91243,82
node_train_0052,beijing,128 cores,256 GB,2000 GB NVMe,NVIDIA L40S-48GB,48,13.08,39401,180
node_train_0053,guangzhou,64 cores,512 GB,2000 GB NVMe,NVIDIA L40S-48GB,48,12.12,51948,180
node_train_0054,beijing,128 cores,512 GB,4000 GB NVMe,NVIDIA A100-SXM4-80GB,80,29.32,41235,312
node_train_0055,shanghai,32 cores,512 GB,4000 GB NVMe,NVIDIA RTX 4090-24GB,24,4.63,62489,82
node_train_0056,shanghai,128 cores,256 GB,4000 GB NVMe,NVIDIA RTX 4090-24GB,24,5.18,49516,82
node_train_0057,shanghai,128 cores,512 GB,2000 GB NVMe,NVIDIA RTX 4090-24GB,24,5.42,11414,82
node_train_0058,beijing,128 cores,256 GB,4000 GB NVMe,NVIDIA L40S-48GB,48,13.05,62585,180
node_train_0059,beijing,64 cores,512 GB,2000 GB NVMe,NVIDIA L40S-48GB,48,12.83,47070,180
node_train_0060,beijing,128 cores,512 GB,2000 GB NVMe,NVIDIA L40S-48GB,48,11.3,44415,180
node_train_0061,shanghai,128 cores,256 GB,2000 GB NVMe,NVIDIA L40S-48GB,48,11.3,25418,180
node_train_0062,guangzhou,64 cores,512 GB,2000 GB NVMe,NVIDIA A100-SXM4-80GB,80,31.57,44528,312
node_train_0063,beijing,64 cores,512 GB,4000 GB NVMe,NVIDIA L40S-48GB,48,12.75,31056,180
node_train_0064,shanghai,128 cores,512 GB,4000 GB NVMe,NVIDIA RTX 4090-24GB,24,4.54,13893,82
node_train_0065,beijing,32 cores,512 GB,2000 GB NVMe,NVIDIA RTX 4090-24GB,24,4.72,56395,82
node_train_0066,guangzhou,128 cores,256 GB,2000 GB NVMe,NVIDIA RTX 4090-24GB,24,5.26,18420,82
node_train_0067,beijing,128 cores,256 GB,4000 GB NVMe,NVIDIA RTX 4090-24GB,24,4.82,81746,82
node_train_0068,shanghai,128 cores,512 GB,2000 GB NVMe,NVIDIA RTX 4090-24GB,24,4.78,43354,82
node_train_0069,beijing,64 cores,256 GB,4000 GB NVMe,NVIDIA RTX 4090-24GB,24,4.59,68791,82
node_train_0070,shanghai,64 cores,256 GB,4000 GB NVMe,NVIDIA RTX 4090-24GB,24,4.76,52965,82
node_train_0071,guangzhou,128 cores,512 GB,2000 GB NVMe,NVIDIA A100-SXM4-80GB,80,29.43,86623,312
node_train_0072,beijing,128 cores,512 GB,2000 GB NVMe,NVIDIA RTX 4090-24GB,24,4.95,65140,82
node_train_0073,guangzhou,64 cores,512 GB,4000 GB NVMe,NVIDIA RTX 4090-24GB,24,4.87,51209,82
node_train_0074,shanghai,32 cores,512 GB,2000 GB NVMe,NVIDIA A100-SXM4-80GB,80,32.63,40942,312
node_train_0075,beijing,128 cores,512 GB,4000 GB NVMe,NVIDIA RTX 4090-24GB,24,4.89,49421,82
node_train_0076,guangzhou,128 cores,256 GB,2000 GB NVMe,NVIDIA L40S-48GB,48,12.62,34118,180
node_train_0077,guangzhou,128 cores,512 GB,2000 GB NVMe,NVIDIA L40S-48GB,48,12.15,81225,180
node_train_0078,beijing,32 cores,256 GB,2000 GB NVMe,NVIDIA RTX 4090-24GB,24,5.29,48730,82
node_train_0079,shanghai,128 cores,512 GB,4000 GB NVMe,NVIDIA RTX 4090-24GB,24,5.28,33211,82
node_train_0080,shanghai,128 cores,512 GB,4000 GB NVMe,NVIDIA RTX 4090-24GB,24,5.49,75014,82
node_train_0081,guangzhou,128 cores,512 GB,4000 GB NVMe,NVIDIA L40S-48GB,48,13.19,17760,180
node_train_0082,beijing,128 cores,256 GB,2000 GB NVMe,NVIDIA RTX 4090-24GB,24,5.4,40447,82
node_train_0083,beijing,64 cores,512 GB,4000 GB NVMe,NVIDIA L40S-48GB,48,11.77,15725,180
node_train_0084,shanghai,64 cores,512 GB,2000 GB NVMe,NVIDIA RTX 4090-24GB,24,4.71,72238,82
node_train_0085,shanghai,32 cores,512 GB,4000 GB NVMe,NVIDIA L40S-48GB,48,12.12,68547,180
node_train_0086,shanghai,32 cores,512 GB,2000 GB NVMe,NVIDIA RTX 4090-24GB,24,4.73,57868,82
node_train_0087,shanghai,32 cores,512 GB,2000 GB NVMe,NVIDIA A100-SXM4-80GB,80,32.03,22226,312
node_train_0088,beijing,32 cores,256 GB,4000 GB NVMe,NVIDIA L40S-48GB,48,12.33,88248,180
node_train_0089,guangzhou,32 cores,512 GB,4000 GB NVMe,NVIDIA L40S-48GB,48,12.12,25354,180
node_train_0090,shanghai,64 cores,512 GB,2000 GB NVMe,NVIDIA RTX 4090-24GB,24,4.97,11006,82
node_train_0091,guangzhou,128 cores,256 GB,2000 GB NVMe,NVIDIA RTX 4090-24GB,24,4.87,83161,82
node_train_0092,guangzhou,128 cores,512 GB,2000 GB NVMe,NVIDIA RTX 4090-24GB,24,5.04,75110,82
node_train_0093,beijing,128 cores,512 GB,4000 GB NVMe,NVIDIA L40S-48GB,48,12.24,66193,180
node_train_0094,beijing,128 cores,256 GB,4000 GB NVMe,NVIDIA A100-SXM4-80GB,80,28.83,13597,312
node_train_0095,beijing,64 cores,256 GB,4000 GB NVMe,NVIDIA RTX 4090-24GB,24,4.79,47569,82
node_train_0096,beijing,128 cores,256 GB,2000 GB NVMe,NVIDIA A100-SXM4-80GB,80,28.97,56092,312
node_train_0097,guangzhou,32 cores,512 GB,4000 GB NVMe,NVIDIA RTX 4090-24GB,24,4.52,45611,82
node_train_0098,shanghai,64 cores,256 GB,4000 GB NVMe,NVIDIA L40S-48GB,48,12.21,14136,180
node_train_0099,guangzhou,64 cores,256 GB,4000 GB NVMe,NVIDIA RTX 4090-24GB,24,4.6,56135,82
node_train_0100,guangzhou,64 cores,512 GB,2000 GB NVMe,NVIDIA RTX 4090-24GB,24,4.74,96842,82
node_train_0101,beijing,128 cores,256 GB,2000 GB NVMe,NVIDIA RTX 4090-24GB,24,4.71,93208,82
node_train_0102,shanghai,128 cores,256 GB,2000 GB NVMe,NVIDIA RTX 4090-24GB,24,4.71,47522,82
node_train_0103,guangzhou,128 cores,512 GB,4000 GB NVMe,NVIDIA A100-SXM4-80GB,80,27.4,14667,312
node_train_0104,shanghai,128 cores,256 GB,2000 GB NVMe,NVIDIA RTX 4090-24GB,24,4.82,25568,82
node_train_0105,guangzhou,32 cores,512 GB,2000 GB NVMe,NVIDIA L40S-48GB,48,12.71,61176,180
node_train_0106,guangzhou,64 cores,512 GB,2000 GB NVMe,NVIDIA RTX 4090-24GB,24,4.8,98344,82
node_train_0107,shanghai,128 cores,256 GB,2000 GB NVMe,NVIDIA RTX 4090-24GB,24,5.27,92922,82
node_train_0108,beijing,64 cores,512 GB,4000 GB NVMe,NVIDIA RTX 4090-24GB,24,4.9,75867,82
node_train_0109,guangzhou,128 cores,512 GB,4000 GB NVMe,NVIDIA RTX 4090-24GB,24,4.73,20349,82
node_train_0110,guangzhou,64 cores,512 GB,4000 GB NVMe,NVIDIA A100-SXM4-80GB,80,27.21,98098,312
node_train_0111,shanghai,128 cores,256 GB,2000 GB NVMe,NVIDIA RTX 4090-24GB,24,4.91,97178,82
node_train_0112,shanghai,128 cores,256 GB,2000 GB NVMe,NVIDIA L40S-48GB,48,13.1,94126,180
node_train_0113,guangzhou,64 cores,512 GB,4000 GB NVMe,NVIDIA RTX 4090-24GB,24,5.26,64106,82
node_train_0114,guangzhou,64 cores,256 GB,2000 GB NVMe,NVIDIA RTX 4090-24GB,24,5.24,79435,82
node_train_0115,beijing,64 cores,512 GB,2000 GB NVMe,NVIDIA L40S-48GB,48,11.75,14295,180
node_train_0116,beijing,64 cores,256 GB,4000 GB NVMe,NVIDIA RTX 4090-24GB,24,5.45,18930,82
node_train_0117,shanghai,128 cores,256 GB,2000 GB NVMe,NVIDIA L40S-48GB,48,11.6,29502,180
node_train_0118,shanghai,64 cores,256 GB,4000 GB NVMe,NVIDIA L40S-48GB,48,13.1,83850,180
node_train_0119,guangzhou,64 cores,512 GB,4000 GB NVMe,NVIDIA A100-SXM4-80GB,80,31.82,23488,312
node_train_0120,guangzhou,128 cores,256 GB,4000 GB NVMe,NVIDIA RTX 4090-24GB,24,4.85,40434,82
node_train_0121,shanghai,128 cores,512 GB,2000 GB NVMe,NVIDIA L40S-48GB,48,13.14,60492,180
node_train_0122,beijing,128 cores,256 GB,2000 GB NVMe,NVIDIA RTX 4090-24GB,24,5.43,95694,82
node_train_0123,beijing,128 cores,512 GB,4000 GB NVMe,NVIDIA RTX 4090-24GB,24,4.68,85667,82
node_train_0124,shanghai,64 cores,512 GB,2000 GB NVMe,NVIDIA L40S-48GB,48,11.71,81943,180
node_train_0125,shanghai,32 cores,256 GB,2000 GB NVMe,NVIDIA A100-SXM4-80GB,80,27.57,13098,312
node_train_0126,shanghai,64 cores,256 GB,2000 GB NVMe,NVIDIA L40S-48GB,48,13.19,53725,180
node_train_0127,beijing,32 cores,256 GB,4000 GB NVMe,NVIDIA RTX 4090-24GB,24,5.28,64649,82
node_train_0128,beijing,32 cores,512 GB,4000 GB NVMe,NVIDIA L40S-48GB,48,12.95,52769,180
node_train_0129,beijing,32 cores,256 GB,2000 GB NVMe,NVIDIA RTX 4090-24GB,24,4.7,86424,82
node_train_0130,guangzhou,64 cores,512 GB,4000 GB NVMe,NVIDIA A100-SXM4-80GB,80,27.39,90643,312
node_train_0131,shanghai,32 cores,256 GB,2000 GB NVMe,NVIDIA L40S-48GB,48,12.96,70488,180
node_train_0132,guangzhou,128 cores,256 GB,4000 GB NVMe,NVIDIA L40S-48GB,48,11.16,72025,180
node_train_0133,guangzhou,128 cores,256 GB,4000 GB NVMe,NVIDIA A100-SXM4-80GB,80,31.06,29641,312
node_train_0134,guangzhou,128 cores,256 GB,2000 GB NVMe,NVIDIA L40S-48GB,48,11.22,65479,180
node_train_0135,beijing,64 cores,256 GB,4000 GB NVMe,NVIDIA RTX 4090-24GB,24,5.37,45739,82
node_train_0136,shanghai,128 cores,512 GB,2000 GB NVMe,NVIDIA A100-SXM4-80GB,80,30.66,25491,312
node_train_0137,beijing,32 cores,512 GB,4000 GB NVMe,NVIDIA RTX 4090-24GB,24,5.17,64606,82
node_train_0138,beijing,64 cores,512 GB,4000 GB NVMe,NVIDIA L40S-48GB,48,12.3,61599,180
node_train_0139,beijing,64 cores,512 GB,4000 GB NVMe,NVIDIA RTX 4090-24GB,24,5.15,57836,82
node_train_0140,beijing,64 cores,256 GB,4000 GB NVMe,NVIDIA A100-SXM4-80GB,80,32.49,35086,312
node_train_0141,beijing,128 cores,512 GB,4000 GB NVMe,NVIDIA RTX 4090-24GB,24,4.55,39313,82
node_train_0142,guangzhou,64 cores,256 GB,4000 GB NVMe,NVIDIA L40S-48GB,48,11.95,90986,180
node_train_0143,shanghai,32 cores,256 GB,2000 GB NVMe,NVIDIA RTX 4090-24GB,24,5.34,23094,82
node_train_0144,shanghai,64 cores,512 GB,2000 GB NVMe,NVIDIA RTX 4090-24GB,24,5.5,67020,82
node_train_0145,beijing,64 cores,256 GB,4000 GB NVMe,NVIDIA L40S-48GB,48,11.08,99029,180
node_train_0146,beijing,32 cores,256 GB,2000 GB NVMe,NVIDIA RTX 4090-24GB,24,5.14,83073,82
node_train_0147,shanghai,32 cores,256 GB,4000 GB NVMe,NVIDIA A100-SXM4-80GB,80,28.36,49419,312
node_train_0148,guangzhou,64 cores,256 GB,4000 GB NVMe,NVIDIA RTX 4090-24GB,24,5.14,15952,82
node_train_0149,shanghai,64 cores,512 GB,2000 GB NVMe,NVIDIA L40S-48GB,48,11.7,85680,180
node_train_0150,beijing,32 cores,512 GB,4000 GB NVMe,NVIDIA A100-SXM4-80GB,80,31.98,23111,312
node_train_0151,guangzhou,128 cores,256 GB,4000 GB NVMe,NVIDIA RTX 4090-24GB,24,5.08,67297,82
node_train_0152,beijing,128 cores,512 GB,2000 GB NVMe,NVIDIA RTX 4090-24GB,24,5.22,71822,82
node_train_0153,beijing,64 cores,512 GB,2000 GB NVMe,NVIDIA RTX 4090-24GB,24,4.68,63913,82
node_train_0154,shanghai,64 cores,512 GB,2000 GB NVMe,NVIDIA L40S-48GB,48,11.83,28304,180
node_train_0155,beijing,32 cores,256 GB,2000 GB NVMe,NVIDIA RTX 4090-24GB,24,4.75,13682,82
node_train_0156,shanghai,32 cores,512 GB,4000 GB NVMe,NVIDIA RTX 4090-24GB,24,4.85,82256,82
node_train_0157,shanghai,64 cores,256 GB,2000 GB NVMe,NVIDIA RTX 4090-24GB,24,5.32,71239,82
node_train_0158,beijing,64 cores,256 GB,2000 GB NVMe,NVIDIA L40S-48GB,48,12.77,97812,180
node_train_0159,shanghai,64 cores,256 GB,2000 GB NVMe,NVIDIA L40S-48GB,48,12.33,32561,180
node_train_0160,beijing,128 cores,512 GB,2000 GB NVMe,NVIDIA RTX 4090-24GB,24,5.4,94956,82
node_train_0161,shanghai,32 cores,512 GB,4000 GB NVMe,NVIDIA L40S-48GB,48,12.37,56574,180
node_train_0162,beijing,64 cores,512 GB,4000 GB NVMe,NVIDIA RTX 4090-24GB,24,4.77,20857,82
node_train_0163,guangzhou,32 cores,512 GB,2000 GB NVMe,NVIDIA RTX 4090-24GB,24,4.83,83721,82
node_train_0164,shanghai,64 cores,256 GB,2000 GB NVMe,NVIDIA RTX 4090-24GB,24,4.55,87024,82
node_train_0165,shanghai,64 cores,512 GB,4000 GB NVMe,NVIDIA L40S-48GB,48,11.49,81178,180
node_train_0166,guangzhou,64 cores,512 GB,2000 GB NVMe,NVIDIA RTX 4090-24GB,24,5.01,26124,82
node_train_0167,guangzhou,128 cores,512 GB,4000 GB NVMe,NVIDIA RTX 4090-24GB,24,4.74,31028,82
node_train_0168,guangzhou,128 cores,512 GB,2000 GB NVMe,NVIDIA RTX 4090-24GB,24,5.0,10045,82
node_train_0169,shanghai,128 cores,256 GB,4000 GB NVMe,NVIDIA L40S-48GB,48,12.1,99607,180
node_train_0170,shanghai,64 cores,256 GB,2000 GB NVMe,NVIDIA RTX 4090-24GB,24,5.35,91245,82
node_train_0171,guangzhou,128 cores,512 GB,4000 GB NVMe,NVIDIA RTX 4090-24GB,24,4.68,66984,82
node_train_0172,guangzhou,128 cores,512 GB,2000 GB NVMe,NVIDIA RTX 4090-24GB,24,4.59,29074,82
node_train_0173,guangzhou,64 cores,256 GB,4000 GB NVMe,NVIDIA L40S-48GB,48,10.92,95010,180
node_train_0174,beijing,32 cores,512 GB,4000 GB NVMe,NVIDIA L40S-48GB,48,12.52,71622,180
node_train_0175,guangzhou,32 cores,256 GB,2000 GB NVMe,NVIDIA RTX 4090-24GB,24,4.61,49080,82
node_train_0176,beijing,128 cores,512 GB,4000 GB NVMe,NVIDIA RTX 4090-24GB,24,5.02,38733,82
node_train_0177,beijing,32 cores,512 GB,4000 GB NVMe,NVIDIA RTX 4090-24GB,24,4.58,59143,82
node_train_0178,guangzhou,128 cores,256 GB,2000 GB NVMe,NVIDIA RTX 4090-24GB,24,5.28,93392,82
node_train_0179,shanghai,128 cores,512 GB,2000 GB NVMe,NVIDIA RTX 4090-24GB,24,5.18,33033,82
node_train_0180,guangzhou,32 cores,512 GB,2000 GB NVMe,NVIDIA A100-SXM4-80GB,80,29.58,68085,312
node_train_0181,shanghai,32 cores,512 GB,4000 GB NVMe,NVIDIA RTX 4090-24GB,24,5.39,48229,82
node_train_0182,shanghai,128 cores,512 GB,2000 GB NVMe,NVIDIA RTX 4090-24GB,24,5.1,69693,82
node_train_0183,guangzhou,128 cores,256 GB,2000 GB NVMe,NVIDIA RTX 4090-24GB,24,5.04,67330,82
node_train_0184,beijing,64 cores,512 GB,4000 GB NVMe,NVIDIA RTX 4090-24GB,24,5.15,81730,82
node_train_0185,beijing,64 cores,256 GB,2000 GB NVMe,NVIDIA A100-SXM4-80GB,80,28.2,15916,312
node_train_0186,guangzhou,32 cores,256 GB,2000 GB NVMe,NVIDIA L40S-48GB,48,12.52,73733,180
node_train_0187,shanghai,128 cores,256 GB,2000 GB NVMe,NVIDIA RTX 4090-24GB,24,5.07,25159,82
node_train_0188,guangzhou,128 cores,256 GB,4000 GB NVMe,NVIDIA RTX 4090-24GB,24,4.64,35166,82
node_train_0189,guangzhou,32 cores,256 GB,4000 GB NVMe,NVIDIA A100-SXM4-80GB,80,30.11,59987,312
node_train_0190,beijing,64 cores,512 GB,2000 GB NVMe,NVIDIA RTX 4090-24GB,24,4.93,91938,82
node_train_0191,beijing,32 cores,512 GB,4000 GB NVMe,NVIDIA RTX 4090-24GB,24,5.09,38223,82
node_train_0192,shanghai,32 cores,256 GB,2000 GB NVMe,NVIDIA RTX 4090-24GB,24,4.55,80655,82
node_train_0193,guangzhou,64 cores,256 GB,4000 GB NVMe,NVIDIA RTX 4090-24GB,24,4.67,48116,82
node_train_0194,guangzhou,32 cores,512 GB,4000 GB NVMe,NVIDIA A100-SXM4-80GB,80,31.61,20150,312
node_train_0195,guangzhou,64 cores,512 GB,2000 GB NVMe,NVIDIA L40S-48GB,48,11.22,60054,180
node_train_0196,shanghai,32 cores,512 GB,4000 GB NVMe,NVIDIA A100-SXM4-80GB,80,29.6,33608,312
node_train_0197,guangzhou,128 cores,512 GB,2000 GB NVMe,NVIDIA L40S-48GB,48,12.97,42453,180
node_train_0198,shanghai,128 cores,256 GB,4000 GB NVMe,NVIDIA RTX 4090-24GB,24,5.3,22741,82
node_train_0199,shanghai,128 cores,256 GB,2000 GB NVMe,NVIDIA L40S-48GB,48,10.81,46638,180
node_train_0200,shanghai,128 cores,512 GB,4000 GB NVMe,NVIDIA RTX 4090-24GB,24,4.98,93087,82
node_train_0201,guangzhou,128 cores,256 GB,4000 GB NVMe,NVIDIA RTX 4090-24GB,24,4.91,52008,82
node_train_0202,beijing,64 cores,512 GB,4000 GB NVMe,NVIDIA L40S-48GB,48,11.93,65209,180
node_train_0203,beijing,128 cores,256 GB,2000 GB NVMe,NVIDIA A100-SXM4-80GB,80,28.19,94960,312
node_train_0204,beijing,32 cores,256 GB,2000 GB NVMe,NVIDIA A100-SXM4-80GB,80,29.62,91932,312
node_train_0205,shanghai,64 cores,256 GB,2000 GB NVMe,NVIDIA RTX 4090-24GB,24,4.93,60933,82
node_train_0206,guangzhou,128 cores,256 GB,4000 GB NVMe,NVIDIA L40S-48GB,48,12.72,54236,180
node_train_0207,guangzhou,128 cores,256 GB,4000 GB NVMe,NVIDIA RTX 4090-24GB,24,4.87,96690,82
node_train_0208,beijing,128 cores,256 GB,2000 GB NVMe,NVIDIA A100-SXM4-80GB,80,31.66,77204,312
node_train_0209,guangzhou,128 cores,256 GB,2000 GB NVMe,NVIDIA L40S-48GB,48,11.41,33702,180
node_train_0210,shanghai,128 cores,512 GB,2000 GB NVMe,NVIDIA RTX 4090-24GB,24,5.01,62099,82
node_train_0211,shanghai,32 cores,256 GB,2000 GB NVMe,NVIDIA RTX 4090-24GB,24,5.1,50661,82
node_train_0212,guangzhou,32 cores,256 GB,2000 GB NVMe,NVIDIA RTX 4090-24GB,24,4.81,58440,82
node_train_0213,beijing,64 cores,256 GB,2000 GB NVMe,NVIDIA RTX 4090-24GB,24,4.98,53687,82
node_train_0214,beijing,128 cores,512 GB,2000 GB NVMe,NVIDIA RTX 4090-24GB,24,5.01,29028,82
node_train_0215,beijing,32 cores,512 GB,4000 GB NVMe,NVIDIA L40S-48GB,48,12.09,97834,180
node_train_0216,guangzhou,128 cores,512 GB,4000 GB NVMe,NVIDIA RTX 4090-24GB,24,5.28,97043,82
node_train_0217,shanghai,32 cores,512 GB,2000 GB NVMe,NVIDIA L40S-48GB,48,11.9,77241,180
node_train_0218,guangzhou,64 cores,512 GB,2000 GB NVMe,NVIDIA L40S-48GB,48,12.82,42978,180
node_train_0219,shanghai,128 cores,512 GB,4000 GB NVMe,NVIDIA A100-SXM4-80GB,80,32.19,30419,312
node_train_0220,guangzhou,32 cores,512 GB,2000 GB NVMe,NVIDIA RTX 4090-24GB,24,5.21,56183,82
node_train_0221,shanghai,64 cores,512 GB,4000 GB NVMe,NVIDIA RTX 4090-24GB,24,4.53,14837,82
node_train_0222,beijing,64 cores,512 GB,2000 GB NVMe,NVIDIA A100-SXM4-80GB,80,30.05,60094,312
node_train_0223,beijing,64 cores,512 GB,4000 GB NVMe,NVIDIA RTX 4090-24GB,24,5.35,84454,82
node_train_0224,shanghai,128 cores,256 GB,4000 GB NVMe,NVIDIA RTX 4090-24GB,24,5.38,40229,82
node_train_0225,guangzhou,64 cores,512 GB,2000 GB NVMe,NVIDIA RTX 4090-24GB,24,4.94,40056,82
node_train_0226,shanghai,128 cores,256 GB,4000 GB NVMe,NVIDIA RTX 4090-24GB,24,4.93,47707,82
node_train_0227,shanghai,64 cores,256 GB,4000 GB NVMe,NVIDIA RTX 4090-24GB,24,4.54,82399,82
node_train_0228,guangzhou,128 cores,256 GB,4000 GB NVMe,NVIDIA L40S-48GB,48,11.56,24332,180
node_train_0229,beijing,64 cores,512 GB,4000 GB NVMe,NVIDIA L40S-48GB,48,10.89,48824,180
node_train_0230,beijing,128 cores,512 GB,4000 GB NVMe,NVIDIA RTX 4090-24GB,24,4.57,23108,82
node_train_0231,beijing,32 cores,256 GB,4000 GB NVMe,NVIDIA RTX 4090-24GB,24,5.02,65644,82
node_train_0232,beijing,128 cores,256 GB,4000 GB NVMe,NVIDIA RTX 4090-24GB,24,5.35,27534,82
node_train_0233,guangzhou,32 cores,512 GB,2000 GB NVMe,NVIDIA L40S-48GB,48,11.52,85956,180
node_train_0234,beijing,32 cores,512 GB,2000 GB NVMe,NVIDIA RTX 4090-24GB,24,5.11,88835,82
node_train_0235,guangzhou,32 cores,256 GB,2000 GB NVMe,NVIDIA A100-SXM4-80GB,80,27.58,95724,312
node_train_0236,guangzhou,32 cores,512 GB,4000 GB NVMe,NVIDIA RTX 4090-24GB,24,5.17,17403,82
node_train_0237,guangzhou,32 cores,256 GB,4000 GB NVMe,NVIDIA RTX 4090-24GB,24,4.83,85438,82
node_train_0238,beijing,64 cores,256 GB,2000 GB NVMe,NVIDIA RTX 4090-24GB,24,4.62,10743,82
node_train_0239,guangzhou,64 cores,256 GB,4000 GB NVMe,NVIDIA L40S-48GB,48,12.5,19393,180
node_train_0240,shanghai,32 cores,256 GB,2000 GB NVMe,NVIDIA RTX 4090-24GB,24,5.47,54330,82
node_train_0241,shanghai,32 cores,512 GB,2000 GB NVMe,NVIDIA A100-SXM4-80GB,80,28.41,36839,312
node_train_0242,shanghai,64 cores,512 GB,2000 GB NVMe,NVIDIA A100-SXM4-80GB,80,31.88,36891,312
node_train_0243,guangzhou,64 cores,512 GB,4000 GB NVMe,NVIDIA RTX 4090-24GB,24,4.63,37952,82
node_train_0244,shanghai,64 cores,512 GB,2000 GB NVMe,NVIDIA A100-SXM4-80GB,80,31.0,78641,312
node_train_0245,shanghai,128 cores,256 GB,4000 GB NVMe,NVIDIA RTX 4090-24GB,24,5.25,38153,82
node_train_0246,beijing,64 cores,512 GB,4000 GB NVMe,NVIDIA A100-SXM4-80GB,80,27.99,25645,312
node_train_0247,beijing,64 cores,256 GB,2000 GB NVMe,NVIDIA RTX 4090-24GB,24,5.44,39226,82
node_train_0248,beijing,128 cores,512 GB,4000 GB NVMe,NVIDIA RTX 4090-24GB,24,5.25,61206,82
node_train_0249,shanghai,64 cores,512 GB,4000 GB NVMe,NVIDIA A100-SXM4-80GB,80,32.79,43650,312
node_train_0250,beijing,32 cores,256 GB,2000 GB NVMe,NVIDIA RTX 4090-24GB,24,5.24,19075,82
node_train_0251,guangzhou,128 cores,256 GB,4000 GB NVMe,NVIDIA RTX 4090-24GB,24,5.24,21613,82
node_train_0252,beijing,32 cores,512 GB,4000 GB NVMe,NVIDIA A100-SXM4-80GB,80,29.71,57785,312
node_train_0253,shanghai,128 cores,256 GB,4000 GB NVMe,NVIDIA A100-SXM4-80GB,80,29.1,98523,312
node_train_0254,shanghai,32 cores,512 GB,4000 GB NVMe,NVIDIA L40S-48GB,48,12.96,32396,180
node_train_0255,guangzhou,32 cores,256 GB,4000 GB NVMe,NVIDIA RTX 4090-24GB,24,4.67,38724,82
node_train_0256,beijing,32 cores,512 GB,4000 GB NVMe,NVIDIA RTX 4090-24GB,24,5.09,75122,82
node_train_0257,shanghai,64 cores,512 GB,4000 GB NVMe,NVIDIA RTX 4090-24GB,24,5.4,89733,82
node_train_0258,guangzhou,64 cores,256 GB,4000 GB NVMe,NVIDIA A100-SXM4-80GB,80,29.27,30098,312
node_train_0259,shanghai,64 cores,512 GB,2000 GB NVMe,NVIDIA RTX 4090-24GB,24,4.64,88677,82
node_train_0260,guangzhou,128 cores,256 GB,4000 GB NVMe,NVIDIA RTX 4090-24GB,24,4.51,75433,82
node_train_0261,guangzhou,128 cores,512 GB,4000 GB NVMe,NVIDIA RTX 4090-24GB,24,4.71,68289,82
node_train_0262,guangzhou,32 cores,512 GB,2000 GB NVMe,NVIDIA L40S-48GB,48,13.16,88264,180
node_train_0263,beijing,128 cores,512 GB,2000 GB NVMe,NVIDIA RTX 4090-24GB,24,5.45,31363,82
node_train_0264,beijing,32 cores,512 GB,4000 GB NVMe,NVIDIA A100-SXM4-80GB,80,29.15,43247,312
node_train_0265,guangzhou,64 cores,512 GB,2000 GB NVMe,NVIDIA RTX 4090-24GB,24,4.91,30746,82
node_train_0266,beijing,32 cores,512 GB,4000 GB NVMe,NVIDIA RTX 4090-24GB,24,4.74,93637,82
node_train_0267,beijing,32 cores,512 GB,4000 GB NVMe,NVIDIA RTX 4090-24GB,24,4.89,56830,82
node_train_0268,beijing,128 cores,512 GB,2000 GB NVMe,NVIDIA RTX 4090-24GB,24,5.32,40589,82
node_train_0269,shanghai,64 cores,512 GB,2000 GB NVMe,NVIDIA L40S-48GB,48,12.54,51837,180
node_train_0270,guangzhou,64 cores,256 GB,4000 GB NVMe,NVIDIA L40S-48GB,48,10.99,18420,180
node_train_0271,shanghai,64 cores,512 GB,4000 GB NVMe,NVIDIA RTX 4090-24GB,24,4.8,78482,82
node_train_0272,guangzhou,32 cores,512 GB,2000 GB NVMe,NVIDIA RTX 4090-24GB,24,5.21,55187,82
node_train_0273,guangzhou,64 cores,256 GB,4000 GB NVMe,NVIDIA RTX 4090-24GB,24,4.98,77131,82
node_train_0274,shanghai,64 cores,256 GB,2000 GB NVMe,NVIDIA A100-SXM4-80GB,80,27.88,92517,312
node_train_0275,shanghai,64 cores,512 GB,2000 GB NVMe,NVIDIA RTX 4090-24GB,24,4.92,85017,82
node_train_0276,guangzhou,64 cores,256 GB,4000 GB NVMe,NVIDIA RTX 4090-24GB,24,4.54,10069,82
node_train_0277,shanghai,64 cores,256 GB,2000 GB NVMe,NVIDIA L40S-48GB,48,13.06,51742,180
node_train_0278,shanghai,32 cores,512 GB,4000 GB NVMe,NVIDIA RTX 4090-24GB,24,5.38,61909,82
node_train_0279,guangzhou,128 cores,256 GB,2000 GB NVMe,NVIDIA RTX 4090-24GB,24,4.91,34871,82
node_train_0280,shanghai,64 cores,256 GB,4000 GB NVMe,NVIDIA RTX 4090-24GB,24,5.29,67235,82
node_train_0281,beijing,32 cores,512 GB,4000 GB NVMe,NVIDIA RTX 4090-24GB,24,5.4,31494,82
node_train_0282,shanghai,32 cores,512 GB,4000 GB NVMe,NVIDIA A100-SXM4-80GB,80,30.47,37821,312
node_train_0283,shanghai,128 cores,512 GB,4000 GB NVMe,NVIDIA L40S-48GB,48,13.12,57704,180
node_train_0284,shanghai,64 cores,512 GB,4000 GB NVMe,NVIDIA RTX 4090-24GB,24,4.52,67419,82
node_train_0285,shanghai,32 cores,256 GB,2000 GB NVMe,NVIDIA RTX 4090-24GB,24,4.67,32281,82
node_train_0286,shanghai,32 cores,512 GB,4000 GB NVMe,NVIDIA L40S-48GB,48,12.94,67215,180
node_train_0287,guangzhou,64 cores,512 GB,2000 GB NVMe,NVIDIA RTX 4090-24GB,24,4.71,95478,82
node_train_0288,shanghai,32 cores,256 GB,2000 GB NVMe,NVIDIA RTX 4090-24GB,24,4.65,29772,82
node_train_0289,beijing,32 cores,512 GB,4000 GB NVMe,NVIDIA A100-SXM4-80GB,80,27.33,56810,312
node_train_0290,guangzhou,32 cores,512 GB,2000 GB NVMe,NVIDIA A100-SXM4-80GB,80,28.75,84272,312
node_train_0291,beijing,64 cores,256 GB,4000 GB NVMe,NVIDIA RTX 4090-24GB,24,5.09,60076,82
node_train_0292,guangzhou,64 cores,512 GB,4000 GB NVMe,NVIDIA RTX 4090-24GB,24,5.03,80701,82
node_train_0293,shanghai,64 cores,256 GB,2000 GB NVMe,NVIDIA RTX 4090-24GB,24,4.55,61581,82
node_train_0294,beijing,64 cores,256 GB,2000 GB NVMe,NVIDIA RTX 4090-24GB,24,5.29,91179,82
node_train_0295,beijing,128 cores,512 GB,4000 GB NVMe,NVIDIA L40S-48GB,48,11.39,91463,180
node_train_0296,beijing,64 cores,256 GB,2000 GB NVMe,NVIDIA RTX 4090-24GB,24,5.33,60302,82
node_train_0297,beijing,128 cores,256 GB,4000 GB NVMe,NVIDIA RTX 4090-24GB,24,4.64,79913,82
node_train_0298,beijing,128 cores,256 GB,4000 GB NVMe,NVIDIA RTX 4090-24GB,24,5.39,38017,82
node_train_0299,shanghai,32 cores,512 GB,4000 GB NVMe,NVIDIA RTX 4090-24GB,24,5.3,96596,82
node_train_0300,beijing,64 cores,512 GB,2000 GB NVMe,NVIDIA L40S-48GB,48,12.13,95501,180
node_train_0301,beijing,64 cores,256 GB,2000 GB NVMe,NVIDIA RTX 4090-24GB,24,5.38,73018,82
node_train_0302,shanghai,64 cores,256 GB,2000 GB NVMe,NVIDIA RTX 4090-24GB,24,4.54,24934,82
node_train_0303,beijing,32 cores,256 GB,2000 GB NVMe,NVIDIA RTX 4090-24GB,24,5.3,51600,82
node_train_0304,beijing,64 cores,256 GB,2000 GB NVMe,NVIDIA RTX 4090-24GB,24,5.17,89810,82
node_train_0305,beijing,32 cores,512 GB,4000 GB NVMe,NVIDIA L40S-48GB,48,11.6,42031,180
node_train_0306,shanghai,32 cores,512 GB,4000 GB NVMe,NVIDIA RTX 4090-24GB,24,5.16,51683,82
node_train_0307,beijing,32 cores,256 GB,4000 GB NVMe,NVIDIA RTX 4090-24GB,24,5.46,86945,82
node_train_0308,shanghai,32 cores,256 GB,4000 GB NVMe,NVIDIA RTX 4090-24GB,24,4.79,12114,82
node_train_0309,beijing,128 cores,256 GB,2000 GB NVMe,NVIDIA L40S-48GB,48,11.13,58003,180
node_train_0310,beijing,32 cores,256 GB,2000 GB NVMe,NVIDIA L40S-48GB,48,11.41,20835,180
node_train_0311,guangzhou,32 cores,512 GB,2000 GB NVMe,NVIDIA L40S-48GB,48,12.21,97606,180
node_train_0312,shanghai,64 cores,512 GB,2000 GB NVMe,NVIDIA RTX 4090-24GB,24,5.01,49392,82
node_train_0313,shanghai,128 cores,512 GB,2000 GB NVMe,NVIDIA A100-SXM4-80GB,80,29.96,58098,312
node_train_0314,shanghai,128 cores,256 GB,4000 GB NVMe,NVIDIA L40S-48GB,48,13.19,57262,180
node_train_0315,shanghai,64 cores,256 GB,4000 GB NVMe,NVIDIA RTX 4090-24GB,24,4.62,63328,82
node_train_0316,guangzhou,32 cores,512 GB,2000 GB NVMe,NVIDIA L40S-48GB,48,11.11,67697,180
node_train_0317,beijing,64 cores,512 GB,4000 GB NVMe,NVIDIA L40S-48GB,48,12.94,51455,180
node_train_0318,beijing,64 cores,256 GB,2000 GB NVMe,NVIDIA RTX 4090-24GB,24,4.62,21560,82
node_train_0319,beijing,32 cores,256 GB,4000 GB NVMe,NVIDIA RTX 4090-24GB,24,5.35,74826,82
node_train_0320,guangzhou,64 cores,256 GB,2000 GB NVMe,NVIDIA RTX 4090-24GB,24,5.18,84645,82
node_train_0321,beijing,32 cores,256 GB,2000 GB NVMe,NVIDIA RTX 4090-24GB,24,5.48,81383,82
node_train_0322,guangzhou,128 cores,256 GB,2000 GB NVMe,NVIDIA L40S-48GB,48,12.35,96212,180
node_train_0323,shanghai,128 cores,512 GB,4000 GB NVMe,NVIDIA L40S-48GB,48,12.38,37550,180
node_train_0324,beijing,128 cores,256 GB,2000 GB NVMe,NVIDIA RTX 4090-24GB,24,4.93,10140,82
node_train_0325,guangzhou,64 cores,256 GB,2000 GB NVMe,NVIDIA RTX 4090-24GB,24,4.78,68723,82
node_train_0326,beijing,128 cores,512 GB,2000 GB NVMe,NVIDIA A100-SXM4-80GB,80,32.53,12127,312
node_train_0327,guangzhou,32 cores,256 GB,2000 GB NVMe,NVIDIA RTX 4090-24GB,24,4.68,14958,82
node_train_0328,shanghai,32 cores,512 GB,2000 GB NVMe,NVIDIA A100-SXM4-80GB,80,29.41,23590,312
node_train_0329,beijing,64 cores,256 GB,2000 GB NVMe,NVIDIA RTX 4090-24GB,24,5.45,10075,82
node_train_0330,guangzhou,32 cores,256 GB,4000 GB NVMe,NVIDIA RTX 4090-24GB,24,5.09,35263,82
node_train_0331,shanghai,128 cores,256 GB,4000 GB NVMe,NVIDIA A100-SXM4-80GB,80,31.57,35546,312
node_train_0332,beijing,32 cores,512 GB,2000 GB NVMe,NVIDIA A100-SXM4-80GB,80,29.27,40301,312
node_train_0333,shanghai,128 cores,256 GB,2000 GB NVMe,NVIDIA RTX 4090-24GB,24,5.28,95480,82
node_train_0334,shanghai,64 cores,256 GB,2000 GB NVMe,NVIDIA L40S-48GB,48,10.89,11048,180
node_train_0335,shanghai,32 cores,512 GB,4000 GB NVMe,NVIDIA RTX 4090-24GB,24,5.38,80008,82
node_train_0336,beijing,128 cores,256 GB,2000 GB NVMe,NVIDIA RTX 4090-24GB,24,5.43,14285,82
node_train_0337,guangzhou,128 cores,512 GB,2000 GB NVMe,NVIDIA A100-SXM4-80GB,80,32.33,76708,312
node_train_0338,guangzhou,128 cores,512 GB,4000 GB NVMe,NVIDIA L40S-48GB,48,11.01,12689,180
node_train_0339,guangzhou,32 cores,256 GB,2000 GB NVMe,NVIDIA A100-SXM4-80GB,80,30.78,41137,312
node_train_0340,guangzhou,128 cores,256 GB,4000 GB NVMe,NVIDIA RTX 4090-24GB,24,5.3,84300,82
node_train_0341,shanghai,64 cores,256 GB,4000 GB NVMe,NVIDIA RTX 4090-24GB,24,4.6,37397,82
node_train_0342,shanghai,32 cores,512 GB,2000 GB NVMe,NVIDIA RTX 4090-24GB,24,5.45,14168,82
node_train_0343,shanghai,128 cores,256 GB,2000 GB NVMe,NVIDIA RTX 4090-24GB,24,5.01,43900,82
node_train_0344,beijing,32 cores,512 GB,4000 GB NVMe,NVIDIA L40S-48GB,48,10.96,39525,180
node_train_0345,shanghai,128 cores,256 GB,4000 GB NVMe,NVIDIA RTX 4090-24GB,24,5.33,69928,82
node_train_0346,shanghai,128 cores,256 GB,4000 GB NVMe,NVIDIA A100-SXM4-80GB,80,31.36,10913,312
node_train_0347,shanghai,128 cores,256 GB,4000 GB NVMe,NVIDIA RTX 4090-24GB,24,5.32,84080,82
node_train_0348,shanghai,128 cores,256 GB,4000 GB NVMe,NVIDIA L40S-48GB,48,12.03,18278,180
node_train_0349,shanghai,64 cores,512 GB,4000 GB NVMe,NVIDIA L40S-48GB,48,13.07,97832,180
node_train_0350,shanghai,64 cores,512 GB,2000 GB NVMe,NVIDIA RTX 4090-24GB,24,5.04,75853,82
node_train_0351,beijing,128 cores,512 GB,2000 GB NVMe,NVIDIA RTX 4090-24GB,24,4.9,16509,82
node_train_0352,guangzhou,64 cores,256 GB,2000 GB NVMe,NVIDIA L40S-48GB,48,11.42,11992,180
node_train_0353,beijing,128 cores,256 GB,4000 GB NVMe,NVIDIA RTX 4090-24GB,24,4.74,46188,82
node_train_0354,guangzhou,64 cores,512 GB,2000 GB NVMe,NVIDIA RTX 4090-24GB,24,4.64,72260,82
node_train_0355,shanghai,128 cores,512 GB,4000 GB NVMe,NVIDIA A100-SXM4-80GB,80,28.7,45769,312
node_train_0356,guangzhou,32 cores,512 GB,2000 GB NVMe,NVIDIA L40S-48GB,48,12.8,82184,180
node_train_0357,beijing,64 cores,256 GB,4000 GB NVMe,NVIDIA RTX 4090-24GB,24,4.62,83289,82
node_train_0358,guangzhou,128 cores,256 GB,2000 GB NVMe,NVIDIA RTX 4090-24GB,24,5.14,95929,82
node_train_0359,guangzhou,32 cores,512 GB,2000 GB NVMe,NVIDIA A100-SXM4-80GB,80,27.32,81012,312
node_train_0360,guangzhou,64 cores,512 GB,2000 GB NVMe,NVIDIA L40S-48GB,48,12.53,31005,180
node_train_0361,shanghai,32 cores,512 GB,2000 GB NVMe,NVIDIA RTX 4090-24GB,24,4.72,92088,82
node_train_0362,beijing,128 cores,512 GB,4000 GB NVMe,NVIDIA L40S-48GB,48,12.3,78609,180
node_train_0363,beijing,32 cores,512 GB,2000 GB NVMe,NVIDIA L40S-48GB,48,12.42,83836,180
node_train_0364,guangzhou,64 cores,512 GB,4000 GB NVMe,NVIDIA RTX 4090-24GB,24,4.55,69025,82
node_train_0365,beijing,32 cores,512 GB,4000 GB NVMe,NVIDIA RTX 4090-24GB,24,4.93,86377,82
node_train_0366,guangzhou,64 cores,512 GB,4000 GB NVMe,NVIDIA L40S-48GB,48,12.15,16321,180
node_train_0367,shanghai,128 cores,256 GB,4000 GB NVMe,NVIDIA L40S-48GB,48,12.39,85955,180
node_train_0368,shanghai,64 cores,512 GB,2000 GB NVMe,NVIDIA A100-SXM4-80GB,80,28.1,67591,312
node_train_0369,shanghai,128 cores,256 GB,2000 GB NVMe,NVIDIA RTX 4090-24GB,24,5.41,31298,82
node_train_0370,beijing,128 cores,256 GB,4000 GB NVMe,NVIDIA L40S-48GB,48,12.94,14343,180
node_train_0371,beijing,128 cores,512 GB,4000 GB NVMe,NVIDIA RTX 4090-24GB,24,4.84,37620,82
node_train_0372,guangzhou,64 cores,512 GB,4000 GB NVMe,NVIDIA RTX 4090-24GB,24,5.02,91121,82
node_train_0373,shanghai,32 cores,512 GB,2000 GB NVMe,NVIDIA L40S-48GB,48,11.16,64945,180
node_train_0374,beijing,128 cores,512 GB,4000 GB NVMe,NVIDIA L40S-48GB,48,12.21,23723,180
node_train_0375,beijing,64 cores,256 GB,2000 GB NVMe,NVIDIA L40S-48GB,48,12.34,92126,180
node_train_0376,shanghai,32 cores,256 GB,4000 GB NVMe,NVIDIA RTX 4090-24GB,24,4.65,59616,82
node_train_0377,beijing,32 cores,256 GB,4000 GB NVMe,NVIDIA RTX 4090-24GB,24,5.42,13670,82
node_train_0378,shanghai,128 cores,512 GB,2000 GB NVMe,NVIDIA RTX 4090-24GB,24,5.08,90675,82
node_train_0379,shanghai,64 cores,512 GB,2000 GB NVMe,NVIDIA RTX 4090-24GB,24,5.38,94820,82
node_train_0380,beijing,32 cores,512 GB,4000 GB NVMe,NVIDIA A100-SXM4-80GB,80,32.37,99972,312
node_train_0381,guangzhou,32 cores,512 GB,4000 GB NVMe,NVIDIA A100-SXM4-80GB,80,32.35,29719,312
node_train_0382,guangzhou,32 cores,256 GB,2000 GB NVMe,NVIDIA RTX 4090-24GB,24,5.17,26763,82
node_train_0383,shanghai,32 cores,256 GB,4000 GB NVMe,NVIDIA RTX 4090-24GB,24,5.01,50530,82
node_train_0384,beijing,32 cores,256 GB,4000 GB NVMe,NVIDIA L40S-48GB,48,11.06,34591,180
node_train_0385,beijing,64 cores,512 GB,4000 GB NVMe,NVIDIA L40S-48GB,48,12.57,72778,180
node_train_0386,beijing,128 cores,256 GB,4000 GB NVMe,NVIDIA A100-SXM4-80GB,80,32.81,75557,312
node_train_0387,guangzhou,32 cores,256 GB,2000 GB NVMe,NVIDIA RTX 4090-24GB,24,4.78,47312,82
node_train_0388,shanghai,64 cores,512 GB,2000 GB NVMe,NVIDIA RTX 4090-24GB,24,4.83,71521,82
node_train_0389,guangzhou,64 cores,256 GB,4000 GB NVMe,NVIDIA L40S-48GB,48,11.91,16957,180
node_train_0390,beijing,64 cores,512 GB,4000 GB NVMe,NVIDIA L40S-48GB,48,12.13,87966,180
node_train_0391,shanghai,128 cores,256 GB,4000 GB NVMe,NVIDIA A100-SXM4-80GB,80,27.15,16328,312
node_train_0392,beijing,32 cores,256 GB,4000 GB NVMe,NVIDIA A100-SXM4-80GB,80,31.52,74269,312
node_train_0393,beijing,128 cores,512 GB,4000 GB NVMe,NVIDIA A100-SXM4-80GB,80,31.31,73034,312
node_train_0394,shanghai,64 cores,512 GB,2000 GB NVMe,NVIDIA L40S-48GB,48,11.95,86213,180
node_train_0395,shanghai,32 cores,256 GB,4000 GB NVMe,NVIDIA A100-SXM4-80GB,80,31.17,51056,312
node_train_0396,shanghai,32 cores,512 GB,4000 GB NVMe,NVIDIA RTX 4090-24GB,24,5.28,38020,82
node_train_0397,shanghai,64 cores,256 GB,4000 GB NVMe,NVIDIA RTX 4090-24GB,24,5.26,36401,82
node_train_0398,beijing,64 cores,512 GB,2000 GB NVMe,NVIDIA L40S-48GB,48,12.02,34264,180
node_train_0399,guangzhou,128 cores,256 GB,2000 GB NVMe,NVIDIA A100-SXM4-80GB,80,29.27,33568,312
node_train_0400,guangzhou,32 cores,512 GB,4000 GB NVMe,NVIDIA A100-SXM4-80GB,80,28.18,39994,312
node_train_0401,guangzhou,64 cores,256 GB,2000 GB NVMe,NVIDIA RTX 4090-24GB,24,5.4,73990,82
node_train_0402,beijing,32 cores,256 GB,4000 GB NVMe,NVIDIA RTX 4090-24GB,24,4.68,81697,82
node_train_0403,shanghai,128 cores,512 GB,4000 GB NVMe,NVIDIA L40S-48GB,48,12.26,62481,180
node_train_0404,shanghai,128 cores,512 GB,4000 GB NVMe,NVIDIA L40S-48GB,48,12.69,99211,180
node_train_0405,shanghai,32 cores,512 GB,2000 GB NVMe,NVIDIA RTX 4090-24GB,24,4.75,10240,82
node_train_0406,guangzhou,32 cores,512 GB,4000 GB NVMe,NVIDIA L40S-48GB,48,12.14,44112,180
node_train_0407,shanghai,32 cores,512 GB,4000 GB NVMe,NVIDIA A100-SXM4-80GB,80,30.19,55830,312
node_train_0408,guangzhou,64 cores,256 GB,4000 GB NVMe,NVIDIA L40S-48GB,48,12.18,82248,180
node_train_0409,shanghai,32 cores,256 GB,4000 GB NVMe,NVIDIA A100-SXM4-80GB,80,31.07,32532,312
node_train_0410,guangzhou,64 cores,256 GB,2000 GB NVMe,NVIDIA RTX 4090-24GB,24,5.26,64164,82
node_train_0411,shanghai,32 cores,512 GB,4000 GB NVMe,NVIDIA A100-SXM4-80GB,80,31.9,86038,312
node_train_0412,shanghai,128 cores,512 GB,4000 GB NVMe,NVIDIA RTX 4090-24GB,24,4.63,51524,82
node_train_0413,guangzhou,32 cores,256 GB,2000 GB NVMe,NVIDIA L40S-48GB,48,13.0,34599,180
node_train_0414,beijing,64 cores,256 GB,4000 GB NVMe,NVIDIA RTX 4090-24GB,24,4.57,28140,82
node_train_0415,guangzhou,64 cores,256 GB,2000 GB NVMe,NVIDIA L40S-48GB,48,12.68,77483,180
node_train_0416,beijing,64 cores,512 GB,2000 GB NVMe,NVIDIA A100-SXM4-80GB,80,27.59,18601,312
node_train_0417,guangzhou,64 cores,512 GB,2000 GB NVMe,NVIDIA A100-SXM4-80GB,80,28.97,62458,312
node_train_0418,shanghai,64 cores,512 GB,2000 GB NVMe,NVIDIA L40S-48GB,48,12.67,96293,180
node_train_0419,shanghai,128 cores,512 GB,4000 GB NVMe,NVIDIA A100-SXM4-80GB,80,29.15,11265,312
node_train_0420,beijing,32 cores,512 GB,2000 GB NVMe,NVIDIA RTX 4090-24GB,24,4.91,13605,82
node_train_0421,beijing,128 cores,512 GB,2000 GB NVMe,NVIDIA RTX 4090-24GB,24,4.83,77778,82
node_train_0422,shanghai,128 cores,256 GB,2000 GB NVMe,NVIDIA RTX 4090-24GB,24,5.45,33136,82
node_train_0423,shanghai,128 cores,256 GB,2000 GB NVMe,NVIDIA L40S-48GB,48,11.12,92885,180
node_train_0424,beijing,32 cores,256 GB,2000 GB NVMe,NVIDIA RTX 4090-24GB,24,4.99,88280,82
node_train_0425,guangzhou,128 cores,512 GB,2000 GB NVMe,NVIDIA L40S-48GB,48,12.27,85822,180
node_train_0426,guangzhou,32 cores,256 GB,2000 GB NVMe,NVIDIA L40S-48GB,48,11.41,58695,180
node_train_0427,shanghai,128 cores,512 GB,4000 GB NVMe,NVIDIA RTX 4090-24GB,24,5.46,24243,82
node_train_0428,beijing,32 cores,512 GB,4000 GB NVMe,NVIDIA RTX 4090-24GB,24,5.46,65572,82
node_train_0429,guangzhou,64 cores,512 GB,2000 GB NVMe,NVIDIA L40S-48GB,48,12.98,79792,180
node_train_0430,shanghai,128 cores,256 GB,4000 GB NVMe,NVIDIA L40S-48GB,48,11.96,53054,180
node_train_0431,guangzhou,32 cores,512 GB,4000 GB NVMe,NVIDIA RTX 4090-24GB,24,4.75,91308,82
node_train_0432,guangzhou,128 cores,512 GB,2000 GB NVMe,NVIDIA RTX 4090-24GB,24,4.64,15770,82
node_train_0433,beijing,64 cores,512 GB,2000 GB NVMe,NVIDIA RTX 4090-24GB,24,5.34,52014,82
node_train_0434,shanghai,128 cores,256 GB,2000 GB NVMe,NVIDIA A100-SXM4-80GB,80,32.88,68149,312
node_train_0435,guangzhou,64 cores,256 GB,2000 GB NVMe,NVIDIA RTX 4090-24GB,24,4.79,47777,82
node_train_0436,shanghai,128 cores,512 GB,2000 GB NVMe,NVIDIA RTX 4090-24GB,24,5.23,78218,82
node_train_0437,beijing,32 cores,256 GB,2000 GB NVMe,NVIDIA A100-SXM4-80GB,80,30.77,30159,312
node_train_0438,shanghai,64 cores,512 GB,4000 GB NVMe,NVIDIA L40S-48GB,48,12.39,87963,180
node_train_0439,guangzhou,32 cores,512 GB,4000 GB NVMe,NVIDIA RTX 4090-24GB,24,5.16,28294,82
node_train_0440,shanghai,64 cores,512 GB,4000 GB NVMe,NVIDIA RTX 4090-24GB,24,4.95,87378,82
node_train_0441,guangzhou,64 cores,512 GB,4000 GB NVMe,NVIDIA RTX 4090-24GB,24,5.04,49166,82
node_train_0442,guangzhou,32 cores,256 GB,4000 GB NVMe,NVIDIA A100-SXM4-80GB,80,32.59,51307,312
node_train_0443,guangzhou,128 cores,512 GB,4000 GB NVMe,NVIDIA L40S-48GB,48,11.01,61039,180
node_train_0444,shanghai,32 cores,256 GB,2000 GB NVMe,NVIDIA A100-SXM4-80GB,80,30.88,39203,312
node_train_0445,shanghai,128 cores,256 GB,2000 GB NVMe,NVIDIA L40S-48GB,48,11.25,35478,180
node_train_0446,guangzhou,32 cores,256 GB,2000 GB NVMe,NVIDIA L40S-48GB,48,11.19,66538,180
node_train_0447,beijing,128 cores,256 GB,2000 GB NVMe,NVIDIA RTX 4090-24GB,24,5.18,15892,82
node_train_0448,guangzhou,64 cores,512 GB,2000 GB NVMe,NVIDIA RTX 4090-24GB,24,5.45,55469,82
node_train_0449,shanghai,32 cores,512 GB,4000 GB NVMe,NVIDIA RTX 4090-24GB,24,4.97,37601,82
node_train_0450,beijing,128 cores,512 GB,2000 GB NVMe,NVIDIA L40S-48GB,48,12.25,44821,180
node_train_0451,beijing,64 cores,256 GB,2000 GB NVMe,NVIDIA RTX 4090-24GB,24,4.67,10088,82
node_train_0452,shanghai,32 cores,256 GB,2000 GB NVMe,NVIDIA L40S-48GB,48,12.56,92059,180
node_train_0453,shanghai,32 cores,256 GB,4000 GB NVMe,NVIDIA L40S-48GB,48,11.83,75924,180
node_train_0454,shanghai,128 cores,512 GB,4000 GB NVMe,NVIDIA A100-SXM4-80GB,80,27.66,23720,312
node_train_0455,guangzhou,128 cores,256 GB,2000 GB NVMe,NVIDIA A100-SXM4-80GB,80,27.41,13114,312
node_train_0456,beijing,32 cores,512 GB,2000 GB NVMe,NVIDIA A100-SXM4-80GB,80,31.04,15452,312
node_train_0457,beijing,32 cores,256 GB,2000 GB NVMe,NVIDIA L40S-48GB,48,11.29,52215,180
node_train_0458,shanghai,64 cores,512 GB,2000 GB NVMe,NVIDIA L40S-48GB,48,11.35,34020,180
node_train_0459,shanghai,32 cores,512 GB,4000 GB NVMe,NVIDIA A100-SXM4-80GB,80,29.15,85308,312
node_train_0460,beijing,128 cores,256 GB,2000 GB NVMe,NVIDIA L40S-48GB,48,11.85,38361,180
node_train_0461,beijing,128 cores,512 GB,2000 GB NVMe,NVIDIA RTX 4090-24GB,24,4.92,57808,82
node_train_0462,guangzhou,32 cores,256 GB,4000 GB NVMe,NVIDIA RTX 4090-24GB,24,4.84,58220,82
node_train_0463,beijing,64 cores,256 GB,2000 GB NVMe,NVIDIA L40S-48GB,48,11.55,59553,180
node_train_0464,beijing,128 cores,256 GB,4000 GB NVMe,NVIDIA L40S-48GB,48,10.95,82968,180
node_train_0465,guangzhou,128 cores,256 GB,2000 GB NVMe,NVIDIA A100-SXM4-80GB,80,28.45,43309,312
node_train_0466,shanghai,128 cores,256 GB,2000 GB NVMe,NVIDIA RTX 4090-24GB,24,4.93,89948,82
node_train_0467,beijing,32 cores,512 GB,4000 GB NVMe,NVIDIA RTX 4090-24GB,24,5.02,31892,82
node_train_0468,shanghai,32 cores,256 GB,4000 GB NVMe,NVIDIA A100-SXM4-80GB,80,28.2,24218,312
node_train_0469,shanghai,32 cores,256 GB,2000 GB NVMe,NVIDIA RTX 4090-24GB,24,4.62,30229,82
node_train_0470,beijing,64 cores,256 GB,4000 GB NVMe,NVIDIA RTX 4090-24GB,24,5.23,88989,82
node_train_0471,guangzhou,128 cores,512 GB,2000 GB NVMe,NVIDIA L40S-48GB,48,12.56,12624,180
node_train_0472,shanghai,32 cores,256 GB,2000 GB NVMe,NVIDIA A100-SXM4-80GB,80,32.67,90895,312
node_train_0473,shanghai,64 cores,256 GB,4000 GB NVMe,NVIDIA RTX 4090-24GB,24,5.39,45314,82
node_train_0474,shanghai,64 cores,512 GB,2000 GB NVMe,NVIDIA RTX 4090-24GB,24,5.13,88781,82
node_train_0475,guangzhou,64 cores,512 GB,4000 GB NVMe,NVIDIA L40S-48GB,48,10.93,21794,180
node_train_0476,shanghai,32 cores,512 GB,4000 GB NVMe,NVIDIA L40S-48GB,48,12.35,49026,180
node_train_0477,shanghai,128 cores,512 GB,4000 GB NVMe,NVIDIA L40S-48GB,48,12.1,84831,180
node_train_0478,shanghai,32 cores,512 GB,4000 GB NVMe,NVIDIA L40S-48GB,48,11.92,49663,180
node_train_0479,shanghai,128 cores,256 GB,2000 GB NVMe,NVIDIA L40S-48GB,48,11.83,79455,180
node_train_0480,beijing,128 cores,256 GB,2000 GB NVMe,NVIDIA RTX 4090-24GB,24,5.25,31613,82
node_train_0481,guangzhou,32 cores,256 GB,4000 GB NVMe,NVIDIA L40S-48GB,48,13.13,72946,180
node_train_0482,guangzhou,64 cores,512 GB,4000 GB NVMe,NVIDIA A100-SXM4-80GB,80,31.03,38230,312
node_train_0483,shanghai,128 cores,512 GB,4000 GB NVMe,NVIDIA RTX 4090-24GB,24,5.01,30304,82
node_train_0484,guangzhou,64 cores,512 GB,2000 GB NVMe,NVIDIA RTX 4090-24GB,24,4.52,62329,82
node_train_0485,shanghai,32 cores,512 GB,4000 GB NVMe,NVIDIA A100-SXM4-80GB,80,27.99,73531,312
node_train_0486,shanghai,64 cores,256 GB,4000 GB NVMe,NVIDIA RTX 4090-24GB,24,4.86,96213,82
node_train_0487,guangzhou,128 cores,512 GB,4000 GB NVMe,NVIDIA L40S-48GB,48,11.97,28906,180
node_train_0488,shanghai,64 cores,512 GB,2000 GB NVMe,NVIDIA RTX 4090-24GB,24,4.83,85601,82
node_train_0489,guangzhou,64 cores,512 GB,4000 GB NVMe,NVIDIA L40S-48GB,48,12.9,98657,180
node_train_0490,beijing,32 cores,256 GB,4000 GB NVMe,NVIDIA RTX 4090-24GB,24,4.93,88634,82
node_train_0491,guangzhou,64 cores,256 GB,4000 GB NVMe,NVIDIA A100-SXM4-80GB,80,27.4,53615,312
node_train_0492,beijing,32 cores,256 GB,2000 GB NVMe,NVIDIA RTX 4090-24GB,24,4.53,27268,82
node_train_0493,shanghai,32 cores,256 GB,4000 GB NVMe,NVIDIA L40S-48GB,48,12.13,10721,180
node_train_0494,beijing,32 cores,512 GB,4000 GB NVMe,NVIDIA RTX 4090-24GB,24,4.99,67973,82
node_train_0495,beijing,128 cores,512 GB,2000 GB NVMe,NVIDIA RTX 4090-24GB,24,4.5,77828,82
node_train_0496,guangzhou,32 cores,256 GB,2000 GB NVMe,NVIDIA A100-SXM4-80GB,80,29.17,67743,312
node_train_0497,shanghai,32 cores,256 GB,4000 GB NVMe,NVIDIA RTX 4090-24GB,24,4.6,19278,82
node_train_0498,guangzhou,64 cores,256 GB,2000 GB NVMe,NVIDIA RTX 4090-24GB,24,4.55,55705,82
node_train_0499,beijing,64 cores,512 GB,4000 GB NVMe,NVIDIA L40S-48GB,48,13.05,15061,180
